index,latency_ms
0,182.46
1,138.93
2,140.89
3,143.36
4,138.86
5,134.66
6,134.81
7,138.12
8,137.38
9,140.37
10,135.62
11,137.94
12,136.95
13,135.42
14,136.16
15,143.94
16,145.67
17,145.80
18,137.78
19,146.09
20,138.50
21,137.22
22,141.84
23,140.26
24,135.19
25,135.62
26,136.62
27,145.21
28,136.07
29,141.15
30,140.02
31,137.69
32,131.12
33,134.49
34,132.98
35,141.40
36,141.17
37,139.26
38,143.86
39,141.44
40,138.70
41,139.24
42,140.92
43,138.22
44,135.40
45,140.35
46,138.18
47,137.41
48,143.32
49,137.62
50,139.62
51,143.67
52,143.72
53,145.13
54,138.66
55,137.70
56,142.75
57,142.87
58,141.26
59,140.00
60,145.04
61,138.79
62,140.39
63,142.59
64,145.34
65,135.12
66,138.15
67,141.38
68,141.17
69,143.38
70,138.27
71,137.45
72,132.66
73,140.85
74,137.50
75,133.64
76,138.94
77,139.94
78,133.62
79,139.57
80,141.06
81,132.94
82,141.27
83,142.30
84,134.29
85,153.28
86,138.05
87,138.22
88,140.47
89,130.53
90,139.42
91,143.34
92,144.60
93,140.29
94,143.00
95,135.28
96,140.72
97,131.24
98,138.54
99,139.21
100,135.05
101,134.17
102,136.91
103,142.45
104,141.08
105,133.95
106,135.67
107,142.86
108,143.09
109,139.11
110,143.83
111,145.04
112,142.14
113,140.71
114,135.88
115,139.28
116,138.38
117,140.48
118,138.38
119,139.20
120,144.25
121,136.16
122,134.43
123,138.05
124,141.02
125,137.24
126,141.69
127,136.40
128,138.09
129,134.47
130,140.15
131,143.33
132,140.67
133,139.21
134,140.01
135,138.33
136,136.70
137,134.03
138,135.72
139,138.72
140,136.94
141,143.99
142,140.78
143,136.11
144,138.09
145,136.42
146,143.75
147,140.40
148,138.23
149,138.31
150,147.66
151,141.81
152,134.16
153,138.70
154,138.21
155,135.66
156,144.13
157,142.16
158,135.64
159,139.63
160,141.38
161,141.75
162,137.54
163,140.60
164,133.11
165,140.41
166,135.73
167,142.90
168,135.90
169,140.71
170,141.38
171,136.06
172,135.44
173,139.66
174,138.48
175,140.53
176,136.73
177,139.69
178,140.82
179,142.92
180,140.18
181,140.27
182,145.38
183,144.01
184,141.00
185,136.74
186,137.63
187,141.31
188,141.86
189,134.90
190,143.28
191,139.57
192,132.65
193,137.63
194,140.98
195,139.54
196,140.67
197,141.59
198,136.53
199,137.66
200,139.99
201,137.00
202,138.17
203,143.40
204,141.40
205,139.44
206,138.47
207,140.11
208,137.11
209,141.73
210,141.53
211,140.93
212,137.58
213,141.72
214,141.56
215,145.35
216,142.56
217,137.86
218,137.76
219,137.93
220,135.88
221,139.03
222,132.71
223,137.72
224,139.40
225,140.50
226,139.75
227,139.59
228,142.41
229,138.76
230,139.21
231,140.16
232,140.44
233,135.89
234,139.31
235,143.18
236,141.10
237,143.07
238,140.58
239,142.82
240,139.46
241,141.48
242,135.38
243,143.80
244,140.22
245,138.03
246,142.61
247,134.86
248,134.58
249,139.42
250,136.68
251,139.57
252,138.76
253,137.67
254,144.47
255,139.06
256,135.37
257,136.75
258,136.00
259,138.19
260,139.55
261,140.20
262,141.18
263,143.77
264,139.81
265,142.29
266,144.55
267,139.63
268,140.51
269,144.77
270,140.63
271,140.31
272,141.31
273,139.37
274,143.18
275,136.87
276,139.52
277,140.20
278,136.07
279,144.20
280,143.05
281,138.20
282,138.97
283,136.95
284,134.29
285,136.22
286,138.05
287,136.75
288,141.20
289,142.67
290,134.78
291,135.58
292,135.82
293,139.03
294,140.18
295,140.19
296,139.19
297,137.42
298,140.72
299,141.51
300,143.64
301,136.86
302,137.97
303,136.63
304,133.94
305,138.38
306,136.07
307,141.10
308,142.95
309,139.52
310,137.19
311,142.01
312,141.33
313,140.15
314,133.48
315,144.92
316,138.31
317,138.53
318,133.99
319,136.47
320,134.22
321,140.86
322,147.10
323,142.88
324,135.47
325,142.59
326,143.65
327,142.37
328,158.82
329,139.38
330,135.29
331,138.79
332,138.21
333,138.02
334,143.15
335,143.09
336,140.31
337,140.43
338,143.01
339,137.57
340,140.00
341,135.12
342,143.71
343,141.84
344,136.87
345,136.31
346,139.29
347,140.98
348,141.30
349,144.14
350,141.03
351,136.91
352,143.13
353,140.09
354,140.49
355,141.58
356,143.09
357,139.00
358,145.55
359,132.87
360,145.79
361,137.87
362,140.68
363,139.05
364,139.16
365,141.79
366,141.36
367,141.49
368,134.58
369,143.50
370,143.91
371,141.09
372,139.53
373,141.79
374,141.32
375,137.17
376,137.36
377,141.31
378,136.12
379,139.71
380,146.10
381,134.13
382,135.50
383,134.09
384,135.34
385,136.29
386,137.24
387,136.27
388,144.19
389,139.71
390,140.42
391,139.64
392,143.71
393,140.67
394,138.56
395,140.35
396,141.49
397,141.96
398,137.37
399,144.80
400,139.91
401,142.84
402,143.36
403,144.41
404,133.62
405,138.02
406,137.88
407,138.28
408,133.10
409,136.74
410,144.60
411,140.88
412,142.20
413,145.13
414,137.68
415,137.44
416,143.01
417,142.88
418,135.13
419,136.26
420,141.19
421,141.43
422,142.88
423,141.19
424,140.95
425,139.64
426,137.34
427,141.48
428,140.75
429,140.39
430,140.64
431,139.19
432,134.08
433,137.10
434,143.13
435,136.58
436,137.88
437,134.17
438,134.03
439,138.15
440,138.99
441,131.50
442,139.62
443,138.73
444,142.41
445,140.38
446,144.01
447,139.04
448,138.37
449,141.28
450,142.59
451,138.72
452,140.42
453,137.63
454,139.79
455,145.25
456,136.85
457,138.44
458,141.97
459,137.41
460,139.25
461,139.20
462,136.53
463,146.24
464,142.76
465,139.97
466,136.24
467,136.42
468,139.23
469,138.34
470,137.27
471,137.88
472,139.77
473,139.84
474,140.40
475,136.69
476,136.40
477,140.95
478,140.31
479,139.32
480,139.62
481,135.84
482,135.74
483,135.42
484,139.52
485,138.30
486,135.26
487,141.19
488,142.20
489,141.34
490,139.18
491,138.10
492,135.41
493,136.22
494,142.43
495,142.67
496,140.27
497,138.07
498,135.29
499,139.66
500,140.87
501,134.05
502,136.03
503,144.47
504,140.48
505,137.63
506,134.91
507,146.04
508,142.74
509,143.57
510,138.79
511,140.76
512,143.38
513,140.77
514,144.19
515,141.69
516,140.57
517,144.83
518,139.92
519,143.43
520,140.16
521,144.42
522,138.46
523,140.34
524,139.11
525,138.97
526,142.16
527,139.46
528,140.40
529,140.66
530,139.28
531,144.03
532,140.65
533,139.27
534,137.56
535,142.09
536,136.36
537,139.29
538,140.16
539,140.33
540,141.43
541,139.18
542,145.98
543,141.00
544,140.34
545,138.16
546,144.28
547,138.16
548,136.90
549,138.77
550,143.30
551,141.72
552,139.29
553,139.26
554,140.69
555,141.49
556,133.91
557,140.65
558,139.92
559,144.02
560,143.73
561,143.09
562,139.62
563,140.72
564,142.37
565,138.96
566,141.59
567,138.15
568,137.96
569,137.41
570,141.22
571,138.45
572,139.92
573,136.13
574,140.58
575,132.68
576,144.69
577,141.74
578,140.99
