tag,mode,frame,det_ms,nav_ms,total_ms,fps,objects
yolo11tiny_1.3.1,stress,0,0.01,0.01,0.03,38584.71,0
yolo11tiny_1.3.1,stress,1,0.01,0.01,0.02,54794.52,0
yolo11tiny_1.3.1,stress,2,0.01,0.01,0.02,50105.22,0
yolo11tiny_1.3.1,stress,3,0.01,0.01,0.02,53691.28,0
yolo11tiny_1.3.1,stress,4,0.01,0.01,0.02,65932.62,0
yolo11tiny_1.3.1,stress,5,0.01,0.01,0.02,65573.77,0
yolo11tiny_1.3.1,stress,6,0.01,0.01,0.02,61538.46,0
yolo11tiny_1.3.1,stress,7,0.01,0.01,0.02,57693.42,0
yolo11tiny_1.3.1,stress,8,0.01,0.01,0.02,51725.03,0
yolo11tiny_1.3.1,stress,9,0.01,0.01,0.02,47149.79,0
yolo11tiny_1.3.1,stress,10,0.01,0.01,0.02,46420.95,0
yolo11tiny_1.3.1,stress,11,0.01,0.01,0.03,36529.68,0
yolo11tiny_1.3.1,stress,12,0.01,0.01,0.02,48097.73,0
yolo11tiny_1.3.1,stress,13,0.01,0.01,0.02,65754.87,0
yolo11tiny_1.3.1,stress,14,0.01,0.01,0.02,62664.49,0
yolo11tiny_1.3.1,stress,15,0.01,0.01,0.01,67796.61,0
yolo11tiny_1.3.1,stress,16,0.01,0.01,0.02,64341.78,0
yolo11tiny_1.3.1,stress,17,0.01,0.01,0.02,52061.64,0
yolo11tiny_1.3.1,stress,18,0.01,0.01,0.02,46242.77,0
yolo11tiny_1.3.1,stress,19,0.01,0.01,0.02,47619.05,0
yolo11tiny_1.3.1,stress,20,0.01,0.01,0.02,43010.75,0
yolo11tiny_1.3.1,stress,21,0.01,0.01,0.02,58678.56,0
yolo11tiny_1.3.1,stress,22,0.01,0.02,0.02,40472.72,0
yolo11tiny_1.3.1,stress,23,0.01,0.01,0.02,52865.3,0
yolo11tiny_1.3.1,stress,24,0.01,0.01,0.02,55555.56,0
yolo11tiny_1.3.1,stress,25,0.01,0.01,0.02,53453.07,0
yolo11tiny_1.3.1,stress,26,0.01,0.01,0.02,64863.46,0
yolo11tiny_1.3.1,stress,27,0.01,0.01,0.02,58394.16,0
yolo11tiny_1.3.1,stress,28,0.01,0.01,0.02,46968.2,0
yolo11tiny_1.3.1,stress,29,0.01,0.01,0.03,39215.69,0
yolo11tiny_1.3.1,stress,30,0.01,0.01,0.02,45626.68,0
yolo11tiny_1.3.1,stress,31,0.01,0.01,0.03,37383.18,0
yolo11tiny_1.3.1,stress,32,0.01,0.01,0.03,37735.85,0
yolo11tiny_1.3.1,stress,33,0.01,0.02,0.03,32520.33,0
yolo11tiny_1.3.1,stress,34,0.01,0.02,0.03,32741.8,0
yolo11tiny_1.3.1,stress,35,0.02,0.03,0.05,18648.02,0
yolo11tiny_1.3.1,stress,36,0.02,0.03,0.05,21238.64,0
yolo11tiny_1.3.1,stress,37,0.02,0.03,0.06,17660.04,0
yolo11tiny_1.3.1,stress,38,0.02,0.02,0.05,21052.63,0
yolo11tiny_1.3.1,stress,39,0.01,0.02,0.03,29739.78,0
yolo11tiny_1.3.1,stress,40,0.01,0.02,0.03,32258.06,0
yolo11tiny_1.3.1,stress,41,0.04,0.03,0.07,13422.82,0
yolo11tiny_1.3.1,stress,42,0.02,0.02,0.05,21621.62,0
yolo11tiny_1.3.1,stress,43,0.02,0.02,0.04,25104.18,0
yolo11tiny_1.3.1,stress,44,0.02,0.02,0.04,24666.39,0
yolo11tiny_1.3.1,stress,45,0.02,0.02,0.04,23928.02,0
yolo11tiny_1.3.1,stress,46,0.01,0.02,0.03,29962.55,0
yolo11tiny_1.3.1,stress,47,0.02,0.04,0.06,17518.04,0
yolo11tiny_1.3.1,stress,48,0.02,0.03,0.05,21958.24,0
yolo11tiny_1.3.1,stress,49,0.02,0.03,0.05,20636.43,0
yolo11tiny_1.3.1,stress,50,0.02,0.03,0.05,21371.63,0
yolo11tiny_1.3.1,stress,51,0.02,0.03,0.05,20833.33,0
yolo11tiny_1.3.1,stress,52,0.02,0.03,0.05,20833.33,0
yolo11tiny_1.3.1,stress,53,0.02,0.03,0.05,19769.1,0
yolo11tiny_1.3.1,stress,54,0.02,0.03,0.05,21938.0,0
yolo11tiny_1.3.1,stress,55,0.03,0.03,0.07,14440.43,0
yolo11tiny_1.3.1,stress,56,0.02,0.02,0.04,25183.84,0
yolo11tiny_1.3.1,stress,57,0.04,0.03,0.07,14814.81,0
yolo11tiny_1.3.1,stress,58,0.04,0.06,0.1,10182.47,0
yolo11tiny_1.3.1,stress,59,0.02,0.03,0.05,21258.05,0
yolo11tiny_1.3.1,stress,60,0.02,0.03,0.05,20016.41,0
yolo11tiny_1.3.1,stress,61,0.13,0.15,0.29,3464.7,0
yolo11tiny_1.3.1,stress,62,0.02,0.03,0.05,21467.06,0
yolo11tiny_1.3.1,stress,63,0.03,0.03,0.05,18779.34,0
yolo11tiny_1.3.1,stress,64,0.02,0.02,0.04,22305.0,0
yolo11tiny_1.3.1,stress,65,0.03,0.04,0.07,14059.75,0
yolo11tiny_1.3.1,stress,66,0.02,0.02,0.04,22471.91,0
yolo11tiny_1.3.1,stress,67,0.02,0.03,0.05,20887.73,0
yolo11tiny_1.3.1,stress,68,0.02,0.03,0.05,19464.72,0
yolo11tiny_1.3.1,stress,69,0.02,0.02,0.04,24665.78,0
yolo11tiny_1.3.1,stress,70,0.02,0.02,0.04,23054.76,0
yolo11tiny_1.3.1,stress,71,0.03,0.03,0.06,15915.2,0
yolo11tiny_1.3.1,stress,72,0.02,0.02,0.05,22201.5,0
yolo11tiny_1.3.1,stress,73,0.03,0.03,0.06,17106.3,0
yolo11tiny_1.3.1,stress,74,0.03,0.02,0.06,18140.59,0
yolo11tiny_1.3.1,stress,75,0.02,0.02,0.04,25157.23,0
yolo11tiny_1.3.1,stress,76,0.02,0.02,0.04,22388.39,0
yolo11tiny_1.3.1,stress,77,0.02,0.02,0.04,24818.82,0
yolo11tiny_1.3.1,stress,78,0.02,0.04,0.07,14571.95,0
yolo11tiny_1.3.1,stress,79,0.02,0.02,0.04,22641.34,0
yolo11tiny_1.3.1,stress,80,0.04,0.03,0.07,14226.37,0
yolo11tiny_1.3.1,stress,81,0.02,0.03,0.05,19900.5,0
yolo11tiny_1.3.1,stress,82,0.02,0.03,0.05,18575.62,0
yolo11tiny_1.3.1,stress,83,0.02,0.03,0.05,18942.62,0
yolo11tiny_1.3.1,stress,84,0.02,0.03,0.04,22242.98,0
yolo11tiny_1.3.1,stress,85,0.02,0.02,0.04,22705.6,0
yolo11tiny_1.3.1,stress,86,0.02,0.05,0.07,14545.45,0
yolo11tiny_1.3.1,stress,87,0.02,0.03,0.05,20530.51,0
yolo11tiny_1.3.1,stress,88,0.02,0.03,0.05,20743.45,0
yolo11tiny_1.3.1,stress,89,0.02,0.04,0.05,18236.86,0
yolo11tiny_1.3.1,stress,90,0.02,0.03,0.05,20117.49,0
yolo11tiny_1.3.1,stress,91,0.02,0.03,0.05,20253.16,0
yolo11tiny_1.3.1,stress,92,0.02,0.02,0.04,23645.13,0
yolo11tiny_1.3.1,stress,93,0.03,0.03,0.06,16574.68,0
yolo11tiny_1.3.1,stress,94,0.02,0.03,0.05,19559.9,0
yolo11tiny_1.3.1,stress,95,0.03,0.04,0.07,15257.62,0
yolo11tiny_1.3.1,stress,96,0.02,0.03,0.05,21390.37,0
yolo11tiny_1.3.1,stress,97,0.02,0.02,0.04,22493.14,0
yolo11tiny_1.3.1,stress,98,0.02,0.03,0.05,20460.36,0
yolo11tiny_1.3.1,stress,99,0.02,0.03,0.05,20618.56,0
yolo11tiny_1.3.1,stress,100,0.02,0.03,0.05,20960.85,0
yolo11tiny_1.3.1,stress,101,0.02,0.03,0.05,20583.33,0
yolo11tiny_1.3.1,stress,102,0.02,0.03,0.05,20796.94,0
yolo11tiny_1.3.1,stress,103,0.02,0.03,0.05,19246.31,0
yolo11tiny_1.3.1,stress,104,0.02,0.03,0.05,21739.13,0
yolo11tiny_1.3.1,stress,105,0.05,0.02,0.07,14661.04,0
yolo11tiny_1.3.1,stress,106,0.03,0.04,0.07,15151.52,0
yolo11tiny_1.3.1,stress,107,0.02,0.02,0.04,22900.59,0
yolo11tiny_1.3.1,stress,108,0.02,0.02,0.04,24266.54,0
yolo11tiny_1.3.1,stress,109,0.08,0.13,0.21,4874.08,0
yolo11tiny_1.3.1,stress,110,0.02,0.02,0.04,23098.96,0
yolo11tiny_1.3.1,stress,111,0.02,0.02,0.03,28915.11,0
yolo11tiny_1.3.1,stress,112,0.01,0.02,0.03,32128.51,0
yolo11tiny_1.3.1,stress,113,0.02,0.02,0.04,24365.88,0
yolo11tiny_1.3.1,stress,114,0.02,0.02,0.04,24792.98,0
yolo11tiny_1.3.1,stress,115,0.02,0.02,0.04,24169.18,0
yolo11tiny_1.3.1,stress,116,0.02,0.03,0.05,21563.34,0
yolo11tiny_1.3.1,stress,117,0.02,0.03,0.05,20033.66,0
yolo11tiny_1.3.1,stress,118,0.02,0.05,0.07,15345.19,0
yolo11tiny_1.3.1,stress,119,0.02,0.02,0.05,20942.41,0
yolo11tiny_1.3.1,stress,120,0.02,0.02,0.04,25505.0,0
yolo11tiny_1.3.1,stress,121,0.02,0.03,0.05,21898.13,0
yolo11tiny_1.3.1,stress,122,0.02,0.02,0.04,22556.56,0
yolo11tiny_1.3.1,stress,123,0.02,0.03,0.05,19308.37,0
yolo11tiny_1.3.1,stress,124,0.02,0.03,0.05,20356.23,0
yolo11tiny_1.3.1,stress,125,0.02,0.02,0.04,23529.41,0
yolo11tiny_1.3.1,stress,126,0.03,0.06,0.09,10899.18,0
yolo11tiny_1.3.1,stress,127,0.02,0.03,0.05,19496.22,0
yolo11tiny_1.3.1,stress,128,0.02,0.03,0.05,22201.5,0
yolo11tiny_1.3.1,stress,129,0.02,0.02,0.05,22180.82,0
yolo11tiny_1.3.1,stress,130,0.02,0.07,0.09,11100.75,0
yolo11tiny_1.3.1,stress,131,0.02,0.02,0.03,31454.45,0
yolo11tiny_1.3.1,stress,132,0.03,0.02,0.06,17633.89,0
yolo11tiny_1.3.1,stress,133,0.02,0.03,0.05,18590.47,0
yolo11tiny_1.3.1,stress,134,0.03,0.03,0.05,19433.32,0
yolo11tiny_1.3.1,stress,135,0.01,0.02,0.03,30457.16,0
yolo11tiny_1.3.1,stress,136,0.01,0.02,0.03,35138.27,0
yolo11tiny_1.3.1,stress,137,0.02,0.02,0.04,22770.23,0
yolo11tiny_1.3.1,stress,138,0.02,0.03,0.05,21034.03,0
yolo11tiny_1.3.1,stress,139,0.02,0.03,0.04,23460.41,0
yolo11tiny_1.3.1,stress,140,0.03,0.03,0.06,16021.28,0
yolo11tiny_1.3.1,stress,141,0.01,0.02,0.03,28707.58,0
yolo11tiny_1.3.1,stress,142,0.02,0.03,0.05,21817.86,0
yolo11tiny_1.3.1,stress,143,0.02,0.03,0.05,18461.77,0
yolo11tiny_1.3.1,stress,144,0.02,0.02,0.04,24922.12,0
yolo11tiny_1.3.1,stress,145,0.02,0.03,0.05,18838.42,0
yolo11tiny_1.3.1,stress,146,0.02,0.03,0.05,20979.31,0
yolo11tiny_1.3.1,stress,147,0.02,0.03,0.05,19769.49,0
yolo11tiny_1.3.1,stress,148,0.02,0.03,0.05,19917.14,0
yolo11tiny_1.3.1,stress,149,0.02,0.03,0.05,19308.37,0
yolo11tiny_1.3.1,stress,150,0.02,0.02,0.04,22387.89,0
yolo11tiny_1.3.1,stress,151,0.02,0.03,0.05,20761.1,0
yolo11tiny_1.3.1,stress,152,0.02,0.03,0.05,21371.63,0
yolo11tiny_1.3.1,stress,153,0.02,0.03,0.05,20600.72,0
yolo11tiny_1.3.1,stress,154,0.02,0.02,0.04,23255.81,0
yolo11tiny_1.3.1,stress,155,0.02,0.02,0.04,26936.03,0
yolo11tiny_1.3.1,stress,156,0.03,0.03,0.06,15483.71,0
yolo11tiny_1.3.1,stress,157,0.02,0.03,0.05,21640.81,0
yolo11tiny_1.3.1,stress,158,0.02,0.03,0.05,21798.37,0
yolo11tiny_1.3.1,stress,159,0.02,0.02,0.04,25290.21,0
yolo11tiny_1.3.1,stress,160,0.03,0.03,0.06,15989.51,0
yolo11tiny_1.3.1,stress,161,0.02,0.02,0.04,25183.84,0
yolo11tiny_1.3.1,stress,162,0.02,0.03,0.05,19512.2,0
yolo11tiny_1.3.1,stress,163,0.02,0.03,0.05,21857.92,0
yolo11tiny_1.3.1,stress,164,0.02,0.02,0.04,24169.18,0
yolo11tiny_1.3.1,stress,165,0.02,0.14,0.16,6131.81,0
yolo11tiny_1.3.1,stress,166,0.02,0.03,0.05,21524.82,0
yolo11tiny_1.3.1,stress,167,0.02,0.15,0.16,6074.41,0
yolo11tiny_1.3.1,stress,168,0.02,0.02,0.04,24291.3,0
yolo11tiny_1.3.1,stress,169,0.02,0.02,0.04,24217.77,0
yolo11tiny_1.3.1,stress,170,0.11,0.03,0.14,7123.78,0
yolo11tiny_1.3.1,stress,171,0.02,0.03,0.05,20270.41,0
yolo11tiny_1.3.1,stress,172,0.02,0.02,0.05,21524.82,0
yolo11tiny_1.3.1,stress,173,0.08,0.02,0.1,10265.15,0
yolo11tiny_1.3.1,stress,174,0.02,0.03,0.05,20425.67,0
yolo11tiny_1.3.1,stress,175,0.02,0.03,0.05,18897.88,0
yolo11tiny_1.3.1,stress,176,0.02,0.03,0.05,21145.67,0
yolo11tiny_1.3.1,stress,177,0.02,0.03,0.05,20653.9,0
yolo11tiny_1.3.1,stress,178,0.04,0.03,0.07,14388.49,0
yolo11tiny_1.3.1,stress,179,0.02,0.03,0.05,18504.13,0
yolo11tiny_1.3.1,stress,180,0.02,0.03,0.05,19215.62,0
yolo11tiny_1.3.1,stress,181,0.02,0.03,0.05,18720.63,0
yolo11tiny_1.3.1,stress,182,0.04,0.06,0.09,10676.23,0
yolo11tiny_1.3.1,stress,183,0.02,0.03,0.05,19047.62,0
yolo11tiny_1.3.1,stress,184,0.02,0.03,0.05,21145.23,0
yolo11tiny_1.3.1,stress,185,0.02,0.03,0.05,20530.51,0
yolo11tiny_1.3.1,stress,186,0.02,0.03,0.05,20924.0,0
yolo11tiny_1.3.1,stress,187,0.02,0.04,0.06,16889.32,0
yolo11tiny_1.3.1,stress,188,0.02,0.03,0.05,19432.95,0
yolo11tiny_1.3.1,stress,189,0.02,0.03,0.05,21582.89,0
yolo11tiny_1.3.1,stress,190,0.01,0.02,0.03,31087.76,0
yolo11tiny_1.3.1,stress,191,0.02,0.05,0.07,14732.97,0
yolo11tiny_1.3.1,stress,192,0.02,0.02,0.04,26785.95,0
yolo11tiny_1.3.1,stress,193,0.02,0.02,0.04,24716.99,0
yolo11tiny_1.3.1,stress,194,0.02,0.03,0.05,18912.53,0
yolo11tiny_1.3.1,stress,195,0.02,0.03,0.05,20219.18,0
yolo11tiny_1.3.1,stress,196,0.01,0.02,0.03,29556.94,0
yolo11tiny_1.3.1,stress,197,0.02,0.02,0.04,25531.7,0
yolo11tiny_1.3.1,stress,198,0.02,0.02,0.04,26845.64,0
yolo11tiny_1.3.1,stress,199,0.02,0.02,0.04,24193.74,0
yolo11tiny_1.3.1,stress,200,0.05,0.02,0.07,14010.51,0
yolo11tiny_1.3.1,stress,201,0.02,0.02,0.03,28776.98,0
yolo11tiny_1.3.1,stress,202,0.02,0.03,0.05,21239.09,0
yolo11tiny_1.3.1,stress,203,0.04,0.02,0.06,16865.97,0
yolo11tiny_1.3.1,stress,204,0.01,0.02,0.03,33898.31,0
yolo11tiny_1.3.1,stress,205,0.02,0.02,0.05,22018.19,0
yolo11tiny_1.3.1,stress,206,0.04,0.03,0.06,15594.54,0
yolo11tiny_1.3.1,stress,207,0.01,0.04,0.05,20184.89,0
yolo11tiny_1.3.1,stress,208,0.02,0.02,0.04,23300.79,0
yolo11tiny_1.3.1,stress,209,0.02,0.02,0.04,22346.37,0
yolo11tiny_1.3.1,stress,210,0.02,0.02,0.04,27428.82,0
yolo11tiny_1.3.1,stress,211,0.03,0.03,0.06,16736.4,0
yolo11tiny_1.3.1,stress,212,0.02,0.02,0.04,25505.0,0
yolo11tiny_1.3.1,stress,213,0.02,0.06,0.08,12345.68,0
yolo11tiny_1.3.1,stress,214,0.02,0.02,0.04,24242.42,0
yolo11tiny_1.3.1,stress,215,0.02,0.03,0.05,19559.9,0
yolo11tiny_1.3.1,stress,216,0.02,0.02,0.05,21978.02,0
yolo11tiny_1.3.1,stress,217,0.02,0.02,0.04,22857.14,0
yolo11tiny_1.3.1,stress,218,0.01,0.02,0.04,26695.85,0
yolo11tiny_1.3.1,stress,219,0.02,0.03,0.05,20906.07,0
yolo11tiny_1.3.1,stress,220,0.03,0.03,0.05,18518.52,0
yolo11tiny_1.3.1,stress,221,0.02,0.02,0.04,27057.74,0
yolo11tiny_1.3.1,stress,222,0.02,0.03,0.05,19769.1,0
yolo11tiny_1.3.1,stress,223,0.02,0.03,0.05,20960.85,0
yolo11tiny_1.3.1,stress,224,0.02,0.04,0.06,17167.38,0
yolo11tiny_1.3.1,stress,225,0.02,0.02,0.04,25396.83,0
yolo11tiny_1.3.1,stress,226,0.02,0.02,0.04,22620.34,0
yolo11tiny_1.3.1,stress,227,0.02,0.03,0.05,19123.75,0
yolo11tiny_1.3.1,stress,228,0.03,0.13,0.16,6089.8,0
yolo11tiny_1.3.1,stress,229,0.02,0.02,0.04,24793.59,0
yolo11tiny_1.3.1,stress,230,0.02,0.02,0.04,26087.18,0
yolo11tiny_1.3.1,stress,231,0.02,0.02,0.04,23143.86,0
yolo11tiny_1.3.1,stress,232,0.02,0.02,0.04,25559.11,0
yolo11tiny_1.3.1,stress,233,0.01,0.02,0.03,30113.23,0
yolo11tiny_1.3.1,stress,234,0.02,0.02,0.04,26086.5,0
yolo11tiny_1.3.1,stress,235,0.02,0.05,0.07,14545.45,0
yolo11tiny_1.3.1,stress,236,0.02,0.02,0.04,25585.92,0
yolo11tiny_1.3.1,stress,237,0.02,0.02,0.04,23233.12,0
yolo11tiny_1.3.1,stress,238,0.02,0.03,0.05,21371.17,0
yolo11tiny_1.3.1,stress,239,0.01,0.02,0.03,29483.74,0
yolo11tiny_1.3.1,stress,240,0.02,0.05,0.08,13121.98,0
yolo11tiny_1.3.1,stress,241,0.02,0.02,0.04,25505.0,0
yolo11tiny_1.3.1,stress,242,0.02,0.03,0.05,20512.82,0
yolo11tiny_1.3.1,stress,243,0.02,0.06,0.08,12772.7,0
yolo11tiny_1.3.1,stress,244,0.02,0.02,0.04,23077.1,0
yolo11tiny_1.3.1,stress,245,0.02,0.04,0.06,17530.94,0
yolo11tiny_1.3.1,stress,246,0.02,0.02,0.03,28951.1,0
yolo11tiny_1.3.1,stress,247,0.03,0.03,0.05,18490.1,0
yolo11tiny_1.3.1,stress,248,0.02,0.03,0.05,19512.2,0
yolo11tiny_1.3.1,stress,249,0.02,0.02,0.04,23738.87,0
yolo11tiny_1.3.1,stress,250,0.02,0.03,0.05,18972.45,0
yolo11tiny_1.3.1,stress,251,0.02,0.03,0.05,19543.85,0
yolo11tiny_1.3.1,stress,252,0.02,0.02,0.04,23188.41,0
yolo11tiny_1.3.1,stress,253,0.02,0.03,0.05,20151.13,0
yolo11tiny_1.3.1,stress,254,0.06,0.05,0.11,9277.21,0
yolo11tiny_1.3.1,stress,255,0.02,0.03,0.05,19108.04,0
yolo11tiny_1.3.1,stress,256,0.02,0.03,0.05,20117.49,0
yolo11tiny_1.3.1,stress,257,0.02,0.03,0.05,21837.88,0
yolo11tiny_1.3.1,stress,258,0.02,0.02,0.04,26906.31,0
yolo11tiny_1.3.1,stress,259,0.02,0.05,0.07,15228.35,0
yolo11tiny_1.3.1,stress,260,0.04,0.02,0.07,14851.56,0
yolo11tiny_1.3.1,stress,261,0.02,0.04,0.07,15009.38,0
yolo11tiny_1.3.1,stress,262,0.02,0.06,0.08,12170.34,0
yolo11tiny_1.3.1,stress,263,0.02,0.02,0.04,24870.05,0
yolo11tiny_1.3.1,stress,264,0.02,0.03,0.05,19077.78,0
yolo11tiny_1.3.1,stress,265,0.02,0.02,0.04,28037.91,0
yolo11tiny_1.3.1,stress,266,0.05,0.03,0.08,12875.48,0
yolo11tiny_1.3.1,stress,267,0.03,0.03,0.07,15094.34,0
yolo11tiny_1.3.1,stress,268,0.02,0.02,0.04,23369.4,0
yolo11tiny_1.3.1,stress,269,0.02,0.04,0.05,18794.17,0
yolo11tiny_1.3.1,stress,270,0.02,0.03,0.05,20583.33,0
yolo11tiny_1.3.1,stress,271,0.03,0.03,0.05,18648.02,0
yolo11tiny_1.3.1,stress,272,0.02,0.02,0.04,23552.13,0
yolo11tiny_1.3.1,stress,273,0.02,0.02,0.04,22770.23,0
yolo11tiny_1.3.1,stress,274,0.06,0.04,0.09,10680.91,0
yolo11tiny_1.3.1,stress,275,0.01,0.02,0.03,30769.23,0
yolo11tiny_1.3.1,stress,276,0.04,0.03,0.06,15424.24,0
yolo11tiny_1.3.1,stress,277,0.02,0.03,0.05,21937.52,0
yolo11tiny_1.3.1,stress,278,0.02,0.02,0.03,29304.03,0
yolo11tiny_1.3.1,stress,279,0.02,0.03,0.05,20134.09,0
yolo11tiny_1.3.1,stress,280,0.01,0.02,0.03,29666.55,0
yolo11tiny_1.3.1,stress,281,0.01,0.04,0.06,17467.25,0
yolo11tiny_1.3.1,stress,282,0.02,0.02,0.03,30227.0,0
yolo11tiny_1.3.1,stress,283,0.03,0.02,0.05,20725.39,0
yolo11tiny_1.3.1,stress,284,0.02,0.03,0.05,20425.67,0
yolo11tiny_1.3.1,stress,285,0.02,0.02,0.04,26666.67,0
yolo11tiny_1.3.1,stress,286,0.03,0.02,0.05,19077.78,0
yolo11tiny_1.3.1,stress,287,0.07,0.05,0.12,8287.27,0
yolo11tiny_1.3.1,stress,288,0.02,0.05,0.07,15085.0,0
yolo11tiny_1.3.1,stress,289,0.02,0.03,0.05,19464.72,0
yolo11tiny_1.3.1,stress,290,0.02,0.03,0.05,20442.79,0
yolo11tiny_1.3.1,stress,291,0.02,0.02,0.04,25889.97,0
yolo11tiny_1.3.1,stress,292,0.02,0.03,0.05,21505.38,0
yolo11tiny_1.3.1,stress,293,0.02,0.18,0.2,4955.6,0
yolo11tiny_1.3.1,stress,294,0.02,0.02,0.04,24464.83,0
yolo11tiny_1.3.1,stress,295,0.02,0.02,0.04,27491.41,0
yolo11tiny_1.3.1,stress,296,0.02,0.03,0.05,18306.64,0
yolo11tiny_1.3.1,stress,297,0.02,0.02,0.04,23346.49,0
yolo11tiny_1.3.1,stress,298,0.02,0.02,0.04,26402.64,0
yolo11tiny_1.3.1,stress,299,0.02,0.03,0.05,20979.31,0
yolo11tiny_1.3.1,stress,300,0.02,0.03,0.05,20851.58,0
yolo11tiny_1.3.1,stress,301,0.02,0.02,0.04,22620.34,0
yolo11tiny_1.3.1,stress,302,0.02,0.02,0.04,26001.72,0
yolo11tiny_1.3.1,stress,303,0.02,0.03,0.05,19339.37,0
yolo11tiny_1.3.1,stress,304,0.02,0.03,0.05,19370.46,0
yolo11tiny_1.3.1,stress,305,0.01,0.02,0.03,32170.89,0
yolo11tiny_1.3.1,stress,306,0.02,0.03,0.04,23188.41,0
yolo11tiny_1.3.1,stress,307,0.02,0.02,0.04,25051.98,0
yolo11tiny_1.3.1,stress,308,0.02,0.05,0.08,13093.29,0
yolo11tiny_1.3.1,stress,309,0.02,0.03,0.05,20390.69,0
yolo11tiny_1.3.1,stress,310,0.02,0.02,0.04,22284.12,0
yolo11tiny_1.3.1,stress,311,0.02,0.02,0.04,25751.29,0
yolo11tiny_1.3.1,stress,312,0.02,0.03,0.05,19308.0,0
yolo11tiny_1.3.1,stress,313,0.02,0.02,0.04,23165.84,0
yolo11tiny_1.3.1,stress,314,0.02,0.03,0.05,19032.39,0
yolo11tiny_1.3.1,stress,315,0.02,0.03,0.05,20236.36,0
yolo11tiny_1.3.1,stress,316,0.02,0.02,0.05,21621.62,0
yolo11tiny_1.3.1,stress,317,0.03,0.08,0.11,9512.49,0
yolo11tiny_1.3.1,stress,318,0.02,0.02,0.04,25641.03,0
yolo11tiny_1.3.1,stress,319,0.02,0.02,0.04,28169.01,0
yolo11tiny_1.3.1,stress,320,0.02,0.02,0.03,29020.84,0
yolo11tiny_1.3.1,stress,321,0.02,0.03,0.05,21201.26,0
yolo11tiny_1.3.1,stress,322,0.02,0.02,0.03,29483.74,0
yolo11tiny_1.3.1,stress,323,0.02,0.02,0.04,26966.53,0
yolo11tiny_1.3.1,stress,324,0.02,0.03,0.05,21220.16,0
yolo11tiny_1.3.1,stress,325,0.02,0.02,0.03,29304.03,0
yolo11tiny_1.3.1,stress,326,0.02,0.02,0.04,23483.55,0
yolo11tiny_1.3.1,stress,327,0.03,0.02,0.05,19834.97,0
yolo11tiny_1.3.1,stress,328,0.01,0.02,0.03,28776.98,0
yolo11tiny_1.3.1,stress,329,0.02,0.03,0.05,20654.33,0
yolo11tiny_1.3.1,stress,330,0.02,0.02,0.03,29232.07,0
yolo11tiny_1.3.1,stress,331,0.01,0.02,0.03,30689.91,0
yolo11tiny_1.3.1,stress,332,0.02,0.03,0.05,20304.57,0
yolo11tiny_1.3.1,stress,333,0.02,0.02,0.04,24844.72,0
yolo11tiny_1.3.1,stress,334,0.02,0.05,0.07,14354.0,0
yolo11tiny_1.3.1,stress,335,0.02,0.03,0.05,21164.02,0
yolo11tiny_1.3.1,stress,336,0.02,0.02,0.05,21505.38,0
yolo11tiny_1.3.1,stress,337,0.02,0.05,0.07,13832.79,0
yolo11tiny_1.3.1,stress,338,0.02,0.03,0.05,19215.25,0
yolo11tiny_1.3.1,stress,339,0.02,0.02,0.04,23832.79,0
yolo11tiny_1.3.1,stress,340,0.02,0.02,0.04,25316.46,0
yolo11tiny_1.3.1,stress,341,0.02,0.03,0.05,21582.89,0
yolo11tiny_1.3.1,stress,342,0.02,0.02,0.05,21719.3,0
yolo11tiny_1.3.1,stress,343,0.02,0.02,0.04,24922.12,0
yolo11tiny_1.3.1,stress,344,0.02,0.03,0.05,19818.46,0
yolo11tiny_1.3.1,stress,345,0.02,0.02,0.05,20202.02,0
yolo11tiny_1.3.1,stress,346,0.02,0.02,0.04,25806.45,0
yolo11tiny_1.3.1,stress,347,0.02,0.02,0.04,25000.0,0
yolo11tiny_1.3.1,stress,348,0.01,0.02,0.03,30456.23,0
yolo11tiny_1.3.1,stress,349,0.02,0.02,0.04,24870.67,0
yolo11tiny_1.3.1,stress,350,0.02,0.03,0.05,21409.61,0
yolo11tiny_1.3.1,stress,351,0.02,0.03,0.05,20707.36,0
yolo11tiny_1.3.1,stress,352,0.02,0.04,0.06,17582.42,0
yolo11tiny_1.3.1,stress,353,0.02,0.03,0.05,20460.36,0
yolo11tiny_1.3.1,stress,354,0.02,0.02,0.04,24242.42,0
yolo11tiny_1.3.1,stress,355,0.02,0.02,0.04,23414.82,0
yolo11tiny_1.3.1,stress,356,0.02,0.03,0.05,19801.98,0
yolo11tiny_1.3.1,stress,357,0.02,0.03,0.05,19672.26,0
yolo11tiny_1.3.1,stress,358,0.02,0.03,0.05,19277.11,0
yolo11tiny_1.3.1,stress,359,0.02,0.03,0.05,21052.63,0
yolo11tiny_1.3.1,stress,360,0.02,0.03,0.05,18882.89,0
yolo11tiny_1.3.1,stress,361,0.02,0.03,0.05,20689.8,0
yolo11tiny_1.3.1,stress,362,0.02,0.03,0.05,19200.12,0
yolo11tiny_1.3.1,stress,363,0.03,0.02,0.05,19277.11,0
yolo11tiny_1.3.1,stress,364,0.02,0.02,0.04,23346.49,0
yolo11tiny_1.3.1,stress,365,0.05,0.02,0.07,14051.46,0
yolo11tiny_1.3.1,stress,366,0.02,0.02,0.04,24217.77,0
yolo11tiny_1.3.1,stress,367,0.01,0.02,0.03,30888.03,0
yolo11tiny_1.3.1,stress,368,0.02,0.02,0.04,26695.85,0
yolo11tiny_1.3.1,stress,369,0.02,0.02,0.05,20636.0,0
yolo11tiny_1.3.1,stress,370,0.02,0.02,0.04,28335.84,0
yolo11tiny_1.3.1,stress,371,0.03,0.03,0.06,15524.09,0
yolo11tiny_1.3.1,stress,372,0.02,0.03,0.05,21276.6,0
yolo11tiny_1.3.1,stress,373,0.02,0.03,0.05,19480.65,0
yolo11tiny_1.3.1,stress,374,0.02,0.02,0.04,24948.23,0
yolo11tiny_1.3.1,stress,375,0.03,0.02,0.05,19401.65,0
yolo11tiny_1.3.1,stress,376,0.02,0.03,0.05,19093.08,0
yolo11tiny_1.3.1,stress,377,0.02,0.03,0.04,23645.13,0
yolo11tiny_1.3.1,stress,378,0.02,0.02,0.05,21333.33,0
yolo11tiny_1.3.1,stress,379,0.02,0.03,0.05,21164.02,0
yolo11tiny_1.3.1,stress,380,0.02,0.02,0.04,24973.78,0
yolo11tiny_1.3.1,stress,381,0.02,0.04,0.06,15936.25,0
yolo11tiny_1.3.1,stress,382,0.02,0.02,0.04,24340.97,0
yolo11tiny_1.3.1,stress,383,0.02,0.02,0.04,23460.41,0
yolo11tiny_1.3.1,stress,384,0.03,0.03,0.06,17378.91,0
yolo11tiny_1.3.1,stress,385,0.02,0.03,0.05,20618.56,0
yolo11tiny_1.3.1,stress,386,0.02,0.02,0.05,21978.02,0
yolo11tiny_1.3.1,stress,387,0.02,0.03,0.05,21390.37,0
yolo11tiny_1.3.1,stress,388,0.02,0.03,0.05,21428.42,0
yolo11tiny_1.3.1,stress,389,0.02,0.03,0.05,20512.82,0
yolo11tiny_1.3.1,stress,390,0.02,0.03,0.05,19138.76,0
yolo11tiny_1.3.1,stress,391,0.03,0.04,0.06,15894.21,0
yolo11tiny_1.3.1,stress,392,0.02,0.02,0.05,21917.81,0
yolo11tiny_1.3.1,stress,393,0.02,0.03,0.05,20373.65,0
yolo11tiny_1.3.1,stress,394,0.02,0.03,0.05,21201.26,0
yolo11tiny_1.3.1,stress,395,0.02,0.03,0.05,21978.02,0
yolo11tiny_1.3.1,stress,396,0.03,0.03,0.06,16438.45,0
yolo11tiny_1.3.1,stress,397,0.02,0.03,0.05,19123.38,0
yolo11tiny_1.3.1,stress,398,0.02,0.03,0.05,19966.86,0
yolo11tiny_1.3.1,stress,399,0.02,0.02,0.04,23598.82,0
yolo11tiny_1.3.1,stress,400,0.02,0.02,0.04,22966.33,0
yolo11tiny_1.3.1,stress,401,0.02,0.04,0.06,17130.62,0
yolo11tiny_1.3.1,stress,402,0.01,0.01,0.02,40000.0,0
yolo11tiny_1.3.1,stress,403,0.01,0.01,0.03,33708.62,0
yolo11tiny_1.3.1,stress,404,0.02,0.03,0.04,22748.47,0
yolo11tiny_1.3.1,stress,405,0.02,0.03,0.05,22038.57,0
yolo11tiny_1.3.1,stress,406,0.02,0.02,0.04,22988.51,0
yolo11tiny_1.3.1,stress,407,0.02,0.02,0.04,23054.76,0
yolo11tiny_1.3.1,stress,408,0.02,0.03,0.06,17910.55,0
yolo11tiny_1.3.1,stress,409,0.02,0.02,0.04,26695.85,0
yolo11tiny_1.3.1,stress,410,0.01,0.02,0.03,37383.18,0
yolo11tiny_1.3.1,stress,411,0.01,0.01,0.02,58537.73,0
yolo11tiny_1.3.1,stress,412,0.01,0.02,0.03,31496.06,0
yolo11tiny_1.3.1,stress,413,0.02,0.01,0.03,34334.76,0
yolo11tiny_1.3.1,stress,414,0.01,0.01,0.02,49485.35,0
yolo11tiny_1.3.1,stress,415,0.02,0.02,0.04,22284.12,0
yolo11tiny_1.3.1,stress,416,0.02,0.03,0.05,18547.03,0
yolo11tiny_1.3.1,stress,417,0.01,0.02,0.03,33566.06,0
yolo11tiny_1.3.1,stress,418,0.01,0.01,0.02,46065.97,0
yolo11tiny_1.3.1,stress,419,0.03,0.04,0.06,15894.21,0
yolo11tiny_1.3.1,stress,420,0.04,0.03,0.07,15161.16,0
yolo11tiny_1.3.1,stress,421,0.02,0.02,0.05,22018.19,0
yolo11tiny_1.3.1,stress,422,0.02,0.03,0.05,20066.62,0
yolo11tiny_1.3.1,stress,423,0.02,0.03,0.05,19983.21,0
yolo11tiny_1.3.1,stress,424,0.02,0.03,0.05,22078.95,0
yolo11tiny_1.3.1,stress,425,0.02,0.1,0.12,8501.59,0
yolo11tiny_1.3.1,stress,426,0.02,0.03,0.05,18897.52,0
yolo11tiny_1.3.1,stress,427,0.02,0.02,0.04,23645.13,0
yolo11tiny_1.3.1,stress,428,0.02,0.02,0.04,23762.56,0
yolo11tiny_1.3.1,stress,429,0.01,0.01,0.03,36585.81,0
yolo11tiny_1.3.1,stress,430,0.01,0.02,0.03,29020.84,0
yolo11tiny_1.3.1,stress,431,0.02,0.02,0.04,26845.64,0
yolo11tiny_1.3.1,stress,432,0.03,0.03,0.05,18504.13,0
yolo11tiny_1.3.1,stress,433,0.02,0.03,0.05,20373.24,0
yolo11tiny_1.3.1,stress,434,0.07,0.04,0.12,8676.79,0
yolo11tiny_1.3.1,stress,435,0.02,0.03,0.05,19323.67,0
yolo11tiny_1.3.1,stress,436,0.02,0.03,0.05,20636.43,0
yolo11tiny_1.3.1,stress,437,0.02,0.03,0.05,18575.62,0
yolo11tiny_1.3.1,stress,438,0.02,0.03,0.05,20997.38,0
yolo11tiny_1.3.1,stress,439,0.02,0.03,0.05,19591.71,0
yolo11tiny_1.3.1,stress,440,0.02,0.03,0.05,19108.04,0
yolo11tiny_1.3.1,stress,441,0.04,0.04,0.08,12903.23,0
yolo11tiny_1.3.1,stress,442,0.02,0.02,0.04,25834.45,0
yolo11tiny_1.3.1,stress,443,0.02,0.02,0.04,24390.24,0
yolo11tiny_1.3.1,stress,444,0.01,0.02,0.03,32786.89,0
yolo11tiny_1.3.1,stress,445,0.03,0.03,0.05,18662.64,0
yolo11tiny_1.3.1,stress,446,0.02,0.02,0.04,24048.29,0
yolo11tiny_1.3.1,stress,447,0.01,0.02,0.03,35450.94,0
yolo11tiny_1.3.1,stress,448,0.01,0.01,0.02,43635.73,0
yolo11tiny_1.3.1,stress,449,0.02,0.04,0.06,16655.01,0
yolo11tiny_1.3.1,stress,450,0.02,0.02,0.04,24640.25,0
yolo11tiny_1.3.1,stress,451,0.02,0.03,0.05,21034.03,0
yolo11tiny_1.3.1,stress,452,0.02,0.03,0.05,21071.26,0
yolo11tiny_1.3.1,stress,453,0.02,0.03,0.04,22263.29,0
yolo11tiny_1.3.1,stress,454,0.03,0.03,0.06,17229.2,0
yolo11tiny_1.3.1,stress,455,0.02,0.02,0.04,26578.07,0
yolo11tiny_1.3.1,stress,456,0.02,0.02,0.05,21660.96,0
yolo11tiny_1.3.1,stress,457,0.02,0.02,0.05,21524.35,0
yolo11tiny_1.3.1,stress,458,0.02,0.02,0.04,23121.39,0
yolo11tiny_1.3.1,stress,459,0.02,0.03,0.05,21220.16,0
yolo11tiny_1.3.1,stress,460,0.01,0.01,0.02,56602.71,0
yolo11tiny_1.3.1,stress,461,0.02,0.02,0.04,25889.97,0
yolo11tiny_1.3.1,stress,462,0.02,0.03,0.05,19169.21,0
yolo11tiny_1.3.1,stress,463,0.02,0.02,0.04,25586.57,0
yolo11tiny_1.3.1,stress,464,0.02,0.02,0.04,24024.02,0
yolo11tiny_1.3.1,stress,465,0.02,0.02,0.04,23121.39,0
yolo11tiny_1.3.1,stress,466,0.04,0.1,0.13,7472.0,0
yolo11tiny_1.3.1,stress,467,0.02,0.02,0.04,23692.19,0
yolo11tiny_1.3.1,stress,468,0.02,0.03,0.05,21409.15,0
yolo11tiny_1.3.1,stress,469,0.02,0.03,0.04,22263.78,0
yolo11tiny_1.3.1,stress,470,0.02,0.02,0.05,22201.99,0
yolo11tiny_1.3.1,stress,471,0.02,0.03,0.05,18942.26,0
yolo11tiny_1.3.1,stress,472,0.02,0.03,0.05,21817.86,0
yolo11tiny_1.3.1,stress,473,0.02,0.03,0.05,20583.33,0
yolo11tiny_1.3.1,stress,474,0.02,0.03,0.05,21201.26,0
yolo11tiny_1.3.1,stress,475,0.02,0.02,0.05,21759.0,0
yolo11tiny_1.3.1,stress,476,0.02,0.03,0.05,18532.93,0
yolo11tiny_1.3.1,stress,477,0.02,0.03,0.05,19386.23,0
yolo11tiny_1.3.1,stress,478,0.02,0.02,0.04,22305.0,0
yolo11tiny_1.3.1,stress,479,0.02,0.02,0.04,23715.23,0
yolo11tiny_1.3.1,stress,480,0.02,0.02,0.04,23323.62,0
yolo11tiny_1.3.1,stress,481,0.02,0.02,0.05,21878.01,0
yolo11tiny_1.3.1,stress,482,0.02,0.03,0.05,19032.39,0
yolo11tiny_1.3.1,stress,483,0.02,0.03,0.05,21680.22,0
yolo11tiny_1.3.1,stress,484,0.02,0.03,0.05,19671.87,0
yolo11tiny_1.3.1,stress,485,0.02,0.03,0.05,20304.57,0
yolo11tiny_1.3.1,stress,486,0.02,0.02,0.04,24048.29,0
yolo11tiny_1.3.1,stress,487,0.02,0.02,0.04,24896.06,0
yolo11tiny_1.3.1,stress,488,0.02,0.03,0.05,21817.86,0
yolo11tiny_1.3.1,stress,489,0.02,0.02,0.04,23460.41,0
yolo11tiny_1.3.1,stress,490,0.02,0.02,0.05,21621.62,0
yolo11tiny_1.3.1,stress,491,0.04,0.04,0.08,12409.57,0
yolo11tiny_1.3.1,stress,492,0.02,0.03,0.04,22514.41,0
yolo11tiny_1.3.1,stress,493,0.02,0.03,0.05,21164.02,0
yolo11tiny_1.3.1,stress,494,0.02,0.03,0.05,21467.06,0
yolo11tiny_1.3.1,stress,495,0.02,0.02,0.04,23278.55,0
yolo11tiny_1.3.1,stress,496,0.02,0.03,0.05,21997.84,0
yolo11tiny_1.3.1,stress,497,0.02,0.02,0.04,24767.8,0
yolo11tiny_1.3.1,stress,498,0.02,0.02,0.04,22792.02,0
yolo11tiny_1.3.1,stress,499,0.02,0.02,0.04,24615.38,0
yolo11tiny_1.3.1,stress,500,0.02,0.03,0.06,17897.09,0
yolo11tiny_1.3.1,stress,501,0.02,0.02,0.04,25451.12,0
yolo11tiny_1.3.1,stress,502,0.02,0.02,0.04,23121.39,0
yolo11tiny_1.3.1,stress,503,0.01,0.02,0.03,30379.44,0
yolo11tiny_1.3.1,stress,504,0.01,0.02,0.03,31209.04,0
yolo11tiny_1.3.1,stress,505,0.02,0.02,0.04,25946.39,0
yolo11tiny_1.3.1,stress,506,0.02,0.02,0.04,26286.74,0
yolo11tiny_1.3.1,stress,507,0.02,0.03,0.05,22018.19,0
yolo11tiny_1.3.1,stress,508,0.02,0.02,0.05,21978.02,0
yolo11tiny_1.3.1,stress,509,0.02,0.03,0.05,21582.89,0
yolo11tiny_1.3.1,stress,510,0.02,0.02,0.04,27681.66,0
yolo11tiny_1.3.1,stress,511,0.02,0.02,0.04,25531.7,0
yolo11tiny_1.3.1,stress,512,0.03,0.02,0.06,17910.55,0
yolo11tiny_1.3.1,stress,513,0.02,0.02,0.04,25263.37,0
yolo11tiny_1.3.1,stress,514,0.02,0.03,0.05,21938.0,0
yolo11tiny_1.3.1,stress,515,0.02,0.02,0.04,24464.83,0
yolo11tiny_1.3.1,stress,516,0.02,0.02,0.04,23904.57,0
yolo11tiny_1.3.1,stress,517,0.03,0.03,0.06,15473.89,0
yolo11tiny_1.3.1,stress,518,0.02,0.02,0.04,23575.45,0
yolo11tiny_1.3.1,stress,519,0.02,0.02,0.04,23880.6,0
yolo11tiny_1.3.1,stress,520,0.02,0.02,0.05,21837.88,0
yolo11tiny_1.3.1,stress,521,0.02,0.02,0.04,23762.0,0
yolo11tiny_1.3.1,stress,522,0.02,0.02,0.04,23529.41,0
yolo11tiny_1.3.1,stress,523,0.02,0.02,0.04,23188.41,0
yolo11tiny_1.3.1,stress,524,0.02,0.02,0.05,20942.41,0
yolo11tiny_1.3.1,stress,525,0.02,0.02,0.04,24120.8,0
yolo11tiny_1.3.1,stress,526,0.03,0.02,0.05,21486.43,0
yolo11tiny_1.3.1,stress,527,0.02,0.02,0.04,22387.89,0
yolo11tiny_1.3.1,stress,528,0.02,0.02,0.03,31746.03,0
yolo11tiny_1.3.1,stress,529,0.01,0.02,0.03,32000.0,0
yolo11tiny_1.3.1,stress,530,0.01,0.01,0.02,46063.84,0
yolo11tiny_1.3.1,stress,531,0.02,0.02,0.04,23645.69,0
yolo11tiny_1.3.1,stress,532,0.01,0.02,0.03,29813.37,0
yolo11tiny_1.3.1,stress,533,0.02,0.02,0.04,25833.79,0
yolo11tiny_1.3.1,stress,534,0.02,0.02,0.04,25157.23,0
yolo11tiny_1.3.1,stress,535,0.02,0.02,0.04,27554.28,0
yolo11tiny_1.3.1,stress,536,0.02,0.02,0.04,25695.71,0
yolo11tiny_1.3.1,stress,537,0.02,0.03,0.05,20636.43,0
yolo11tiny_1.3.1,stress,538,0.02,0.02,0.04,28004.93,0
yolo11tiny_1.3.1,stress,539,0.02,0.02,0.04,27057.74,0
yolo11tiny_1.3.1,stress,540,0.02,0.03,0.05,19671.87,0
yolo11tiny_1.3.1,stress,541,0.02,0.02,0.04,22535.21,0
yolo11tiny_1.3.1,stress,542,0.02,0.02,0.04,22641.34,0
yolo11tiny_1.3.1,stress,543,0.02,0.02,0.04,24948.23,0
yolo11tiny_1.3.1,stress,544,0.02,0.02,0.04,26490.07,0
yolo11tiny_1.3.1,stress,545,0.02,0.02,0.04,22284.12,0
yolo11tiny_1.3.1,stress,546,0.02,0.02,0.04,25209.87,0
yolo11tiny_1.3.1,stress,547,0.02,0.02,0.04,24048.29,0
yolo11tiny_1.3.1,stress,548,0.03,0.02,0.05,20869.86,0
yolo11tiny_1.3.1,stress,549,0.02,0.03,0.05,22222.22,0
yolo11tiny_1.3.1,stress,550,0.02,0.02,0.04,24514.61,0
yolo11tiny_1.3.1,stress,551,0.02,0.02,0.04,26171.84,0
yolo11tiny_1.3.1,stress,552,0.02,0.03,0.05,21015.91,0
yolo11tiny_1.3.1,stress,553,0.02,0.02,0.04,22813.34,0
yolo11tiny_1.3.1,stress,554,0.02,0.02,0.05,21505.38,0
yolo11tiny_1.3.1,stress,555,0.02,0.03,0.05,20321.9,0
yolo11tiny_1.3.1,stress,556,0.02,0.03,0.05,21524.82,0
yolo11tiny_1.3.1,stress,557,0.02,0.02,0.04,28571.43,0
yolo11tiny_1.3.1,stress,558,0.03,0.03,0.06,16216.13,0
yolo11tiny_1.3.1,stress,559,0.02,0.02,0.04,25974.03,0
yolo11tiny_1.3.1,stress,560,0.03,0.03,0.06,16643.37,0
yolo11tiny_1.3.1,stress,561,0.02,0.02,0.04,26518.87,0
yolo11tiny_1.3.1,stress,562,0.02,0.02,0.04,28538.0,0
yolo11tiny_1.3.1,stress,563,0.02,0.03,0.05,21108.18,0
yolo11tiny_1.3.1,stress,564,0.02,0.03,0.05,21485.97,0
yolo11tiny_1.3.1,stress,565,0.02,0.02,0.04,23715.23,0
yolo11tiny_1.3.1,stress,566,0.02,0.03,0.05,21917.81,0
yolo11tiny_1.3.1,stress,567,0.02,0.03,0.05,21543.83,0
yolo11tiny_1.3.1,stress,568,0.02,0.02,0.05,21798.37,0
yolo11tiny_1.3.1,stress,569,0.02,0.02,0.04,24896.68,0
yolo11tiny_1.3.1,stress,570,0.02,0.03,0.05,21938.0,0
yolo11tiny_1.3.1,stress,571,0.02,0.02,0.05,22119.49,0
yolo11tiny_1.3.1,stress,572,0.02,0.03,0.05,20287.27,0
yolo11tiny_1.3.1,stress,573,0.02,0.02,0.04,24844.72,0
yolo11tiny_1.3.1,stress,574,0.02,0.02,0.05,20219.18,0
yolo11tiny_1.3.1,stress,575,0.02,0.12,0.14,7405.1,0
yolo11tiny_1.3.1,stress,576,0.02,0.03,0.05,22018.19,0
yolo11tiny_1.3.1,stress,577,0.02,0.02,0.04,24024.02,0
yolo11tiny_1.3.1,stress,578,0.02,0.02,0.05,21957.75,0
yolo11tiny_1.3.1,stress,579,0.02,0.03,0.05,22018.19,0
yolo11tiny_1.3.1,stress,580,0.02,0.02,0.04,25918.15,0
yolo11tiny_1.3.1,stress,581,0.02,0.02,0.04,23077.1,0
yolo11tiny_1.3.1,stress,582,0.02,0.02,0.04,22641.34,0
yolo11tiny_1.3.1,stress,583,0.02,0.02,0.04,25613.44,0
yolo11tiny_1.3.1,stress,584,0.02,0.03,0.05,21145.67,0
yolo11tiny_1.3.1,stress,585,0.02,0.03,0.05,21485.97,0
yolo11tiny_1.3.1,stress,586,0.02,0.03,0.05,21857.92,0
yolo11tiny_1.3.1,stress,587,0.02,0.02,0.04,23345.94,0
yolo11tiny_1.3.1,stress,588,0.02,0.03,0.05,22119.98,0
yolo11tiny_1.3.1,stress,589,0.02,0.04,0.06,17830.4,0
yolo11tiny_1.3.1,stress,590,0.02,0.02,0.04,24640.25,0
yolo11tiny_1.3.1,stress,591,0.02,0.02,0.04,25078.37,0
yolo11tiny_1.3.1,stress,592,0.02,0.02,0.04,22535.21,0
yolo11tiny_1.3.1,stress,593,0.02,0.02,0.04,26315.79,0
yolo11tiny_1.3.1,stress,594,0.07,0.03,0.09,10786.56,0
yolo11tiny_1.3.1,stress,595,0.02,0.03,0.05,21817.86,0
yolo11tiny_1.3.1,stress,596,0.02,0.03,0.05,20671.83,0
yolo11tiny_1.3.1,stress,597,0.02,0.02,0.04,22944.73,0
yolo11tiny_1.3.1,stress,598,0.02,0.03,0.05,20636.43,0
yolo11tiny_1.3.1,stress,599,0.02,0.03,0.05,20512.82,0
yolo11tiny_1.3.1,stress,600,0.02,0.03,0.05,20460.36,0
yolo11tiny_1.3.1,stress,601,0.02,0.02,0.04,23032.45,0
yolo11tiny_1.3.1,stress,602,0.02,0.02,0.04,23856.67,0
yolo11tiny_1.3.1,stress,603,0.02,0.02,0.04,26578.07,0
yolo11tiny_1.3.1,stress,604,0.02,0.03,0.05,19528.2,0
yolo11tiny_1.3.1,stress,605,0.02,0.02,0.04,24217.77,0
yolo11tiny_1.3.1,stress,606,0.02,0.02,0.05,21957.75,0
yolo11tiny_1.3.1,stress,607,0.02,0.02,0.04,24490.0,0
yolo11tiny_1.3.1,stress,608,0.03,0.03,0.06,17621.15,0
yolo11tiny_1.3.1,stress,609,0.02,0.02,0.04,24144.67,0
yolo11tiny_1.3.1,stress,610,0.02,0.03,0.05,20815.12,0
yolo11tiny_1.3.1,stress,611,0.04,0.03,0.07,14076.18,0
yolo11tiny_1.3.1,stress,612,0.02,0.03,0.05,20321.49,0
yolo11tiny_1.3.1,stress,613,0.02,0.03,0.05,21878.01,0
yolo11tiny_1.3.1,stress,614,0.02,0.02,0.04,23166.38,0
yolo11tiny_1.3.1,stress,615,0.02,0.02,0.04,25000.0,0
yolo11tiny_1.3.1,stress,616,0.02,0.02,0.04,24169.18,0
yolo11tiny_1.3.1,stress,617,0.02,0.02,0.05,22038.57,0
yolo11tiny_1.3.1,stress,618,0.02,0.03,0.05,21220.16,0
yolo11tiny_1.3.1,stress,619,0.02,0.03,0.05,21089.48,0
yolo11tiny_1.3.1,stress,620,0.02,0.03,0.05,20168.2,0
yolo11tiny_1.3.1,stress,621,0.02,0.02,0.04,22683.97,0
yolo11tiny_1.3.1,stress,622,0.01,0.02,0.04,28503.02,0
yolo11tiny_1.3.1,stress,623,0.01,0.02,0.03,30651.34,0
yolo11tiny_1.3.1,stress,624,0.02,0.02,0.04,28169.01,0
yolo11tiny_1.3.1,stress,625,0.02,0.02,0.04,27365.77,0
yolo11tiny_1.3.1,stress,626,0.03,0.04,0.07,15151.52,0
yolo11tiny_1.3.1,stress,627,0.02,0.02,0.04,24640.86,0
yolo11tiny_1.3.1,stress,628,0.02,0.02,0.05,21877.53,0
yolo11tiny_1.3.1,stress,629,0.02,0.02,0.04,27241.28,0
yolo11tiny_1.3.1,stress,630,0.02,0.02,0.04,26578.07,0
yolo11tiny_1.3.1,stress,631,0.02,0.02,0.04,27649.51,0
yolo11tiny_1.3.1,stress,632,0.02,0.02,0.04,28004.93,0
yolo11tiny_1.3.1,stress,633,0.02,0.02,0.04,22492.63,0
yolo11tiny_1.3.1,stress,634,0.02,0.02,0.04,27681.66,0
yolo11tiny_1.3.1,stress,635,0.02,0.02,0.04,28102.52,0
yolo11tiny_1.3.1,stress,636,0.03,0.02,0.05,19386.23,0
yolo11tiny_1.3.1,stress,637,0.03,0.03,0.06,16620.41,0
yolo11tiny_1.3.1,stress,638,0.02,0.02,0.04,26725.82,0
yolo11tiny_1.3.1,stress,639,0.02,0.02,0.04,25183.21,0
yolo11tiny_1.3.1,stress,640,0.02,0.03,0.05,21563.34,0
yolo11tiny_1.3.1,stress,641,0.03,0.02,0.05,20202.02,0
yolo11tiny_1.3.1,stress,642,0.03,0.03,0.05,19688.14,0
yolo11tiny_1.3.1,stress,643,0.02,0.03,0.05,21352.47,0
yolo11tiny_1.3.1,stress,644,0.02,0.03,0.05,21295.63,0
yolo11tiny_1.3.1,stress,645,0.02,0.02,0.04,23483.0,0
yolo11tiny_1.3.1,stress,646,0.02,0.02,0.04,23904.57,0
yolo11tiny_1.3.1,stress,647,0.02,0.02,0.04,23856.67,0
yolo11tiny_1.3.1,stress,648,0.02,0.03,0.05,20168.2,0
yolo11tiny_1.3.1,stress,649,0.02,0.02,0.04,24340.38,0
yolo11tiny_1.3.1,stress,650,0.02,0.02,0.04,24267.13,0
yolo11tiny_1.3.1,stress,651,0.02,0.03,0.06,17883.65,0
yolo11tiny_1.3.1,stress,652,0.02,0.02,0.04,27459.7,0
yolo11tiny_1.3.1,stress,653,0.02,0.02,0.04,23598.82,0
yolo11tiny_1.3.1,stress,654,0.02,0.02,0.04,24539.88,0
yolo11tiny_1.3.1,stress,655,0.02,0.02,0.04,25778.51,0
yolo11tiny_1.3.1,stress,656,0.02,0.02,0.04,25396.83,0
yolo11tiny_1.3.1,stress,657,0.02,0.02,0.04,24615.38,0
yolo11tiny_1.3.1,stress,658,0.02,0.03,0.05,21739.13,0
yolo11tiny_1.3.1,stress,659,0.02,0.02,0.04,25236.59,0
yolo11tiny_1.3.1,stress,660,0.02,0.02,0.04,22284.12,0
yolo11tiny_1.3.1,stress,661,0.02,0.02,0.04,24640.86,0
yolo11tiny_1.3.1,stress,662,0.03,0.03,0.05,19169.57,0
yolo11tiny_1.3.1,stress,663,0.02,0.02,0.04,26001.72,0
yolo11tiny_1.3.1,stress,664,0.02,0.02,0.04,27118.64,0
yolo11tiny_1.3.1,stress,665,0.02,0.02,0.04,27841.97,0
yolo11tiny_1.3.1,stress,666,0.02,0.04,0.06,16238.25,0
yolo11tiny_1.3.1,stress,667,0.02,0.02,0.04,25343.4,0
yolo11tiny_1.3.1,stress,668,0.02,0.02,0.04,23098.96,0
yolo11tiny_1.3.1,stress,669,0.02,0.02,0.05,21295.17,0
yolo11tiny_1.3.1,stress,670,0.02,0.02,0.04,24666.39,0
yolo11tiny_1.3.1,stress,671,0.02,0.02,0.04,24096.39,0
yolo11tiny_1.3.1,stress,672,0.02,0.02,0.04,23211.01,0
yolo11tiny_1.3.1,stress,673,0.02,0.02,0.04,22901.11,0
yolo11tiny_1.3.1,stress,674,0.02,0.02,0.04,22727.27,0
yolo11tiny_1.3.1,stress,675,0.02,0.02,0.05,21544.3,0
yolo11tiny_1.3.1,stress,676,0.02,0.03,0.05,21957.75,0
yolo11tiny_1.3.1,stress,677,0.02,0.02,0.04,23346.49,0
yolo11tiny_1.3.1,stress,678,0.02,0.02,0.04,22662.89,0
yolo11tiny_1.3.1,stress,679,0.02,0.03,0.04,23210.47,0
yolo11tiny_1.3.1,stress,680,0.02,0.02,0.04,22792.02,0
yolo11tiny_1.3.1,stress,681,0.02,0.02,0.04,26200.64,0
yolo11tiny_1.3.1,stress,682,0.03,0.03,0.06,16712.91,0
yolo11tiny_1.3.1,stress,683,0.02,0.02,0.04,23369.4,0
yolo11tiny_1.3.1,stress,684,0.02,0.03,0.05,19607.84,0
yolo11tiny_1.3.1,stress,685,0.02,0.02,0.04,23975.64,0
yolo11tiny_1.3.1,stress,686,0.02,0.03,0.05,18779.34,0
yolo11tiny_1.3.1,stress,687,0.02,0.42,0.44,2290.29,0
yolo11tiny_1.3.1,stress,688,0.02,0.03,0.05,21563.34,0
yolo11tiny_1.3.1,stress,689,0.01,0.02,0.03,32344.66,0
yolo11tiny_1.3.1,stress,690,0.02,0.02,0.04,24666.39,0
yolo11tiny_1.3.1,stress,691,0.02,0.02,0.04,25945.72,0
yolo11tiny_1.3.1,stress,692,0.02,0.02,0.04,22900.59,0
yolo11tiny_1.3.1,stress,693,0.02,0.03,0.05,22099.45,0
yolo11tiny_1.3.1,stress,694,0.02,0.03,0.05,20960.85,0
yolo11tiny_1.3.1,stress,695,0.02,0.02,0.05,21877.53,0
yolo11tiny_1.3.1,stress,696,0.02,0.02,0.04,24439.72,0
yolo11tiny_1.3.1,stress,697,0.02,0.02,0.04,26490.07,0
yolo11tiny_1.3.1,stress,698,0.01,0.02,0.03,30113.23,0
yolo11tiny_1.3.1,stress,699,0.01,0.02,0.03,34188.03,0
yolo11tiny_1.3.1,stress,700,0.01,0.01,0.03,36417.93,0
yolo11tiny_1.3.1,stress,701,0.01,0.02,0.03,29888.22,0
yolo11tiny_1.3.1,stress,702,0.02,0.02,0.04,25262.73,0
yolo11tiny_1.3.1,stress,703,0.02,0.02,0.04,22748.99,0
yolo11tiny_1.3.1,stress,704,0.02,0.02,0.04,22514.41,0
yolo11tiny_1.3.1,stress,705,0.02,0.02,0.04,26490.07,0
yolo11tiny_1.3.1,stress,706,0.04,0.02,0.06,17021.28,0
yolo11tiny_1.3.1,stress,707,0.01,0.02,0.03,33195.02,0
yolo11tiny_1.3.1,stress,708,0.02,0.02,0.05,22078.95,0
yolo11tiny_1.3.1,stress,709,0.02,0.02,0.04,26549.14,0
yolo11tiny_1.3.1,stress,710,0.02,0.03,0.04,23077.1,0
yolo11tiny_1.3.1,stress,711,0.01,0.02,0.03,32042.04,0
yolo11tiny_1.3.1,stress,712,0.01,0.02,0.03,30075.19,0
yolo11tiny_1.3.1,stress,713,0.01,0.02,0.03,29629.63,0
yolo11tiny_1.3.1,stress,714,0.02,0.02,0.04,27939.2,0
yolo11tiny_1.3.1,stress,715,0.02,0.02,0.03,29411.76,0
yolo11tiny_1.3.1,stress,716,0.01,0.02,0.03,29629.63,0
yolo11tiny_1.3.1,stress,717,0.02,0.03,0.05,21015.91,0
yolo11tiny_1.3.1,stress,718,0.02,0.02,0.04,26001.72,0
yolo11tiny_1.3.1,stress,719,0.01,0.02,0.03,29850.75,0
yolo11tiny_1.3.1,stress,720,0.02,0.04,0.06,16528.93,0
yolo11tiny_1.3.1,stress,721,0.03,0.03,0.05,18809.01,0
yolo11tiny_1.3.1,stress,722,0.02,0.02,0.04,26490.07,0
yolo11tiny_1.3.1,stress,723,0.02,0.03,0.05,21257.6,0
yolo11tiny_1.3.1,stress,724,0.02,0.02,0.04,26726.53,0
yolo11tiny_1.3.1,stress,725,0.02,0.03,0.04,24193.16,0
yolo11tiny_1.3.1,stress,726,0.02,0.02,0.04,27428.82,0
yolo11tiny_1.3.1,stress,727,0.02,0.02,0.04,24048.29,0
yolo11tiny_1.3.1,stress,728,0.02,0.02,0.03,28673.84,0
yolo11tiny_1.3.1,stress,729,0.01,0.02,0.03,31496.06,0
yolo11tiny_1.3.1,stress,730,0.02,0.03,0.05,20202.02,0
yolo11tiny_1.3.1,stress,731,0.02,0.02,0.04,27148.83,0
yolo11tiny_1.3.1,stress,732,0.01,0.02,0.04,27810.22,0
yolo11tiny_1.3.1,stress,733,0.02,0.02,0.04,27745.41,0
yolo11tiny_1.3.1,stress,734,0.02,0.02,0.04,24340.97,0
yolo11tiny_1.3.1,stress,735,0.02,0.03,0.05,21145.23,0
yolo11tiny_1.3.1,stress,736,0.02,0.02,0.04,24340.38,0
yolo11tiny_1.3.1,stress,737,0.02,0.03,0.05,21758.52,0
yolo11tiny_1.3.1,stress,738,0.02,0.1,0.12,8078.07,0
yolo11tiny_1.3.1,stress,739,0.02,0.03,0.05,20960.85,0
yolo11tiny_1.3.1,stress,740,0.02,0.02,0.04,24818.82,0
yolo11tiny_1.3.1,stress,741,0.02,0.02,0.04,22367.36,0
yolo11tiny_1.3.1,stress,742,0.02,0.02,0.04,24365.88,0
yolo11tiny_1.3.1,stress,743,0.02,0.02,0.04,23645.69,0
yolo11tiny_1.3.1,stress,744,0.02,0.02,0.05,22099.45,0
yolo11tiny_1.3.1,stress,745,0.02,0.03,0.04,22263.29,0
yolo11tiny_1.3.1,stress,746,0.02,0.03,0.05,20905.63,0
yolo11tiny_1.3.1,stress,747,0.02,0.02,0.04,28169.01,0
yolo11tiny_1.3.1,stress,748,0.02,0.02,0.04,27649.51,0
yolo11tiny_1.3.1,stress,749,0.02,0.02,0.04,24665.78,0
yolo11tiny_1.3.1,stress,750,0.02,0.02,0.04,25369.76,0
yolo11tiny_1.3.1,stress,751,0.02,0.02,0.04,25342.76,0
yolo11tiny_1.3.1,stress,752,0.02,0.02,0.04,24048.29,0
yolo11tiny_1.3.1,stress,753,0.01,0.01,0.02,43956.04,0
yolo11tiny_1.3.1,stress,754,0.01,0.01,0.03,37735.85,0
yolo11tiny_1.3.1,stress,755,0.02,0.04,0.06,16032.06,0
yolo11tiny_1.3.1,stress,756,0.03,0.03,0.06,17569.44,0
yolo11tiny_1.3.1,stress,757,0.02,0.02,0.04,27428.07,0
yolo11tiny_1.3.1,stress,758,0.02,0.02,0.04,23999.81,0
yolo11tiny_1.3.1,stress,759,0.02,0.02,0.04,24316.11,0
yolo11tiny_1.3.1,stress,760,0.02,0.11,0.13,7645.73,0
yolo11tiny_1.3.1,stress,761,0.02,0.02,0.03,28880.87,0
yolo11tiny_1.3.1,stress,762,0.02,0.03,0.05,21108.18,0
yolo11tiny_1.3.1,stress,763,0.02,0.02,0.04,26578.07,0
yolo11tiny_1.3.1,stress,764,0.02,0.02,0.04,25051.98,0
yolo11tiny_1.3.1,stress,765,0.03,0.03,0.06,16901.31,0
yolo11tiny_1.3.1,stress,766,0.02,0.02,0.05,21390.37,0
yolo11tiny_1.3.1,stress,767,0.02,0.02,0.04,22813.34,0
yolo11tiny_1.3.1,stress,768,0.02,0.02,0.04,24565.2,0
yolo11tiny_1.3.1,stress,769,0.02,0.02,0.04,23188.41,0
yolo11tiny_1.3.1,stress,770,0.02,0.02,0.04,23952.1,0
yolo11tiny_1.3.1,stress,771,0.02,0.02,0.04,26666.67,0
yolo11tiny_1.3.1,stress,772,0.02,0.02,0.04,27057.74,0
yolo11tiny_1.3.1,stress,773,0.01,0.02,0.03,30303.03,0
yolo11tiny_1.3.1,stress,774,0.01,0.02,0.03,31007.75,0
yolo11tiny_1.3.1,stress,775,0.02,0.02,0.03,29126.5,0
yolo11tiny_1.3.1,stress,776,0.02,0.02,0.04,25342.76,0
yolo11tiny_1.3.1,stress,777,0.02,0.09,0.11,9280.74,0
yolo11tiny_1.3.1,stress,778,0.02,0.02,0.04,27087.79,0
yolo11tiny_1.3.1,stress,779,0.02,0.02,0.04,23368.85,0
yolo11tiny_1.3.1,stress,780,0.02,0.02,0.04,28335.03,0
yolo11tiny_1.3.1,stress,781,0.02,0.02,0.04,28202.38,0
yolo11tiny_1.3.1,stress,782,0.02,0.02,0.04,22988.51,0
yolo11tiny_1.3.1,stress,783,0.02,0.02,0.04,25613.44,0
yolo11tiny_1.3.1,stress,784,0.01,0.01,0.02,43557.8,0
yolo11tiny_1.3.1,stress,785,0.01,0.01,0.02,42254.71,0
yolo11tiny_1.3.1,stress,786,6.51,0.04,6.55,152.79,0
yolo11tiny_1.3.1,stress,787,0.01,0.02,0.03,32344.66,0
yolo11tiny_1.3.1,stress,788,0.03,0.02,0.04,22835.74,0
yolo11tiny_1.3.1,stress,789,0.02,0.02,0.04,23143.86,0
yolo11tiny_1.3.1,stress,790,0.02,0.02,0.04,27303.75,0
yolo11tiny_1.3.1,stress,791,0.02,0.02,0.04,27491.41,0
yolo11tiny_1.3.1,stress,792,0.02,0.02,0.04,26905.59,0
yolo11tiny_1.3.1,stress,793,0.02,0.03,0.04,24665.78,0
yolo11tiny_1.3.1,stress,794,0.02,0.02,0.04,25477.71,0
yolo11tiny_1.3.1,stress,795,0.02,0.03,0.05,21680.22,0
yolo11tiny_1.3.1,stress,796,0.02,0.03,0.05,20833.33,0
yolo11tiny_1.3.1,stress,797,0.02,0.02,0.04,24120.22,0
yolo11tiny_1.3.1,stress,798,0.02,0.03,0.05,18706.27,0
yolo11tiny_1.3.1,stress,799,0.02,0.02,0.04,23414.27,0
yolo11tiny_1.3.1,stress,800,0.02,0.03,0.05,18306.64,0
yolo11tiny_1.3.1,stress,801,0.02,0.02,0.04,23715.79,0
yolo11tiny_1.3.1,stress,802,0.02,0.03,0.05,19544.23,0
yolo11tiny_1.3.1,stress,803,0.02,0.02,0.04,27397.26,0
yolo11tiny_1.3.1,stress,804,0.02,0.02,0.04,27179.82,0
yolo11tiny_1.3.1,stress,805,0.02,0.02,0.04,25504.35,0
yolo11tiny_1.3.1,stress,806,0.01,0.02,0.03,29962.55,0
yolo11tiny_1.3.1,stress,807,0.02,0.06,0.08,12931.09,0
yolo11tiny_1.3.1,stress,808,0.02,0.02,0.04,23833.36,0
yolo11tiny_1.3.1,stress,809,0.02,0.02,0.04,25450.47,0
yolo11tiny_1.3.1,stress,810,0.03,0.03,0.05,18648.02,0
yolo11tiny_1.3.1,stress,811,0.03,0.03,0.06,17155.31,0
yolo11tiny_1.3.1,stress,812,0.02,0.02,0.03,28846.71,0
yolo11tiny_1.3.1,stress,813,0.01,0.01,0.03,38217.53,0
yolo11tiny_1.3.1,stress,814,0.01,0.01,0.02,62825.91,0
yolo11tiny_1.3.1,stress,815,0.0,0.0,0.01,117082.31,0
yolo11tiny_1.3.1,stress,816,0.0,0.0,0.01,167841.56,0
yolo11tiny_1.3.1,stress,817,0.01,0.01,0.02,50421.02,0
yolo11tiny_1.3.1,stress,818,0.02,0.02,0.04,24193.74,0
yolo11tiny_1.3.1,stress,819,0.02,0.03,0.05,21201.26,0
yolo11tiny_1.3.1,stress,820,0.02,0.03,0.05,19704.43,0
yolo11tiny_1.3.1,stress,821,0.02,0.02,0.03,29056.25,0
yolo11tiny_1.3.1,stress,822,0.02,0.03,0.04,24365.88,0
yolo11tiny_1.3.1,stress,823,0.02,0.02,0.04,27841.97,0
yolo11tiny_1.3.1,stress,824,0.02,0.02,0.03,29702.68,0
yolo11tiny_1.3.1,stress,825,0.02,0.02,0.04,25104.81,0
yolo11tiny_1.3.1,stress,826,0.02,0.02,0.04,26171.84,0
yolo11tiny_1.3.1,stress,827,0.02,0.02,0.04,23121.39,0
yolo11tiny_1.3.1,stress,828,0.02,0.02,0.04,27491.41,0
yolo11tiny_1.3.1,stress,829,0.02,0.02,0.04,28537.18,0
yolo11tiny_1.3.1,stress,830,0.02,0.02,0.04,23715.79,0
yolo11tiny_1.3.1,stress,831,0.02,0.03,0.05,21390.37,0
yolo11tiny_1.3.1,stress,832,0.02,0.02,0.04,24896.06,0
yolo11tiny_1.3.1,stress,833,0.02,0.03,0.05,20833.33,0
yolo11tiny_1.3.1,stress,834,0.02,0.03,0.05,21276.6,0
yolo11tiny_1.3.1,stress,835,0.04,0.03,0.06,16293.28,0
yolo11tiny_1.3.1,stress,836,0.02,0.02,0.04,24640.86,0
yolo11tiny_1.3.1,stress,837,0.02,0.02,0.04,26002.39,0
yolo11tiny_1.3.1,stress,838,0.02,0.02,0.04,26087.18,0
yolo11tiny_1.3.1,stress,839,0.01,0.02,0.03,30456.23,0
yolo11tiny_1.3.1,stress,840,0.02,0.02,0.04,27272.48,0
yolo11tiny_1.3.1,stress,841,0.02,0.05,0.06,15737.62,0
yolo11tiny_1.3.1,stress,842,0.02,0.04,0.06,16460.91,0
yolo11tiny_1.3.1,stress,843,0.04,0.02,0.06,17634.2,0
yolo11tiny_1.3.1,stress,844,0.02,0.02,0.04,27874.56,0
yolo11tiny_1.3.1,stress,845,0.02,0.03,0.05,18320.72,0
yolo11tiny_1.3.1,stress,846,0.02,0.02,0.04,26030.14,0
yolo11tiny_1.3.1,stress,847,0.02,0.03,0.05,21680.22,0
yolo11tiny_1.3.1,stress,848,0.02,0.02,0.04,28537.18,0
yolo11tiny_1.3.1,stress,849,0.02,0.03,0.05,20905.63,0
yolo11tiny_1.3.1,stress,850,0.02,0.02,0.04,27334.35,0
yolo11tiny_1.3.1,stress,851,0.02,0.02,0.04,28469.75,0
yolo11tiny_1.3.1,stress,852,0.02,0.02,0.04,25343.4,0
yolo11tiny_1.3.1,stress,853,0.02,0.02,0.04,24896.06,0
yolo11tiny_1.3.1,stress,854,0.02,0.03,0.05,20601.14,0
yolo11tiny_1.3.1,stress,855,0.02,0.02,0.04,25209.87,0
yolo11tiny_1.3.1,stress,856,0.02,0.03,0.05,19338.99,0
yolo11tiny_1.3.1,stress,857,0.02,0.03,0.04,22305.0,0
yolo11tiny_1.3.1,stress,858,0.02,0.02,0.04,23143.33,0
yolo11tiny_1.3.1,stress,859,0.02,0.02,0.05,21998.33,0
yolo11tiny_1.3.1,stress,860,0.02,0.03,0.05,22078.95,0
yolo11tiny_1.3.1,stress,861,0.02,0.02,0.04,23414.82,0
yolo11tiny_1.3.1,stress,862,0.02,0.02,0.04,22835.22,0
yolo11tiny_1.3.1,stress,863,0.02,0.02,0.05,22079.44,0
yolo11tiny_1.3.1,stress,864,0.02,0.03,0.05,21239.09,0
yolo11tiny_1.3.1,stress,865,0.02,0.02,0.04,23437.32,0
yolo11tiny_1.3.1,stress,866,0.02,0.03,0.05,20151.13,0
yolo11tiny_1.3.1,stress,867,0.02,0.03,0.05,22140.06,0
yolo11tiny_1.3.1,stress,868,0.02,0.03,0.05,19077.78,0
yolo11tiny_1.3.1,stress,869,0.03,0.08,0.1,9646.36,0
yolo11tiny_1.3.1,stress,870,0.03,0.02,0.05,18957.35,0
yolo11tiny_1.3.1,stress,871,0.03,0.03,0.06,17378.91,0
yolo11tiny_1.3.1,stress,872,0.02,0.02,0.04,22966.86,0
yolo11tiny_1.3.1,stress,873,0.02,0.1,0.11,8765.47,0
yolo11tiny_1.3.1,stress,874,0.02,0.02,0.04,22577.44,0
yolo11tiny_1.3.1,stress,875,0.02,0.03,0.05,21680.22,0
yolo11tiny_1.3.1,stress,876,0.02,0.03,0.05,19480.65,0
yolo11tiny_1.3.1,stress,877,0.02,0.03,0.05,21467.06,0
yolo11tiny_1.3.1,stress,878,0.02,0.02,0.04,24514.61,0
yolo11tiny_1.3.1,stress,879,0.02,0.02,0.04,23255.81,0
yolo11tiny_1.3.1,stress,880,0.02,0.03,0.05,19704.43,0
yolo11tiny_1.3.1,stress,881,0.02,0.02,0.04,22598.87,0
yolo11tiny_1.3.1,stress,882,0.02,0.05,0.07,15315.81,0
yolo11tiny_1.3.1,stress,883,0.02,0.02,0.04,23506.73,0
yolo11tiny_1.3.1,stress,884,0.02,0.02,0.04,22577.44,0
yolo11tiny_1.3.1,stress,885,0.02,0.03,0.05,21390.37,0
yolo11tiny_1.3.1,stress,886,0.02,0.03,0.05,20924.0,0
yolo11tiny_1.3.1,stress,887,0.02,0.02,0.05,21817.86,0
yolo11tiny_1.3.1,stress,888,0.02,0.02,0.04,24000.38,0
yolo11tiny_1.3.1,stress,889,0.02,0.02,0.04,25078.37,0
yolo11tiny_1.3.1,stress,890,0.02,0.03,0.05,18648.02,0
yolo11tiny_1.3.1,stress,891,0.02,0.05,0.07,14010.51,0
yolo11tiny_1.3.1,stress,892,0.04,0.03,0.07,13769.36,0
yolo11tiny_1.3.1,stress,893,0.02,0.02,0.04,24193.74,0
yolo11tiny_1.3.1,stress,894,0.02,0.02,0.04,22857.14,0
yolo11tiny_1.3.1,stress,895,0.02,0.02,0.04,22493.14,0
yolo11tiny_1.3.1,stress,896,0.03,0.04,0.07,14916.25,0
yolo11tiny_1.3.1,stress,897,0.02,0.02,0.04,25316.46,0
yolo11tiny_1.3.1,stress,898,0.02,0.02,0.04,24169.18,0
yolo11tiny_1.3.1,stress,899,0.02,0.02,0.04,24870.05,0
yolo11tiny_1.3.1,stress,900,0.02,0.02,0.04,24515.21,0
yolo11tiny_1.3.1,stress,901,0.02,0.02,0.04,22748.99,0
yolo11tiny_1.3.1,stress,902,0.02,0.03,0.05,21201.71,0
yolo11tiny_1.3.1,stress,903,0.02,0.02,0.04,25889.97,0
yolo11tiny_1.3.1,stress,904,0.02,0.02,0.04,25806.45,0
yolo11tiny_1.3.1,stress,905,0.03,0.04,0.07,14944.11,0
yolo11tiny_1.3.1,stress,906,0.02,0.05,0.07,13978.0,0
yolo11tiny_1.3.1,stress,907,0.02,0.03,0.05,18181.82,0
yolo11tiny_1.3.1,stress,908,0.02,0.02,0.04,23598.82,0
yolo11tiny_1.3.1,stress,909,0.02,0.02,0.04,24169.18,0
yolo11tiny_1.3.1,stress,910,0.02,0.03,0.05,21641.27,0
yolo11tiny_1.3.1,stress,911,0.02,0.02,0.04,23692.19,0
yolo11tiny_1.3.1,stress,912,0.02,0.02,0.04,23975.64,0
yolo11tiny_1.3.1,stress,913,0.02,0.02,0.04,23166.38,0
yolo11tiny_1.3.1,stress,914,0.02,0.02,0.04,23856.67,0
yolo11tiny_1.3.1,stress,915,0.02,0.02,0.05,21621.62,0
yolo11tiny_1.3.1,stress,916,0.02,0.03,0.05,20356.23,0
yolo11tiny_1.3.1,stress,917,0.02,0.02,0.04,22792.02,0
yolo11tiny_1.3.1,stress,918,0.03,0.05,0.08,12772.7,0
yolo11tiny_1.3.1,stress,919,0.02,0.03,0.05,19496.22,0
yolo11tiny_1.3.1,stress,920,0.04,0.03,0.06,15564.2,0
yolo11tiny_1.3.1,stress,921,0.02,0.04,0.06,16949.15,0
yolo11tiny_1.3.1,stress,922,0.03,0.03,0.05,18720.63,0
yolo11tiny_1.3.1,stress,923,0.02,0.02,0.04,26755.85,0
yolo11tiny_1.3.1,stress,924,0.01,0.02,0.03,31454.45,0
yolo11tiny_1.3.1,stress,925,0.02,0.03,0.05,20779.22,0
yolo11tiny_1.3.1,stress,926,0.02,0.02,0.04,24047.71,0
yolo11tiny_1.3.1,stress,927,0.02,0.03,0.05,21409.61,0
yolo11tiny_1.3.1,stress,928,0.02,0.02,0.04,23809.52,0
yolo11tiny_1.3.1,stress,929,0.02,0.03,0.06,17608.42,0
yolo11tiny_1.3.1,stress,930,0.02,0.02,0.04,25889.97,0
yolo11tiny_1.3.1,stress,931,0.02,0.02,0.04,27681.66,0
yolo11tiny_1.3.1,stress,932,0.02,0.02,0.04,27555.04,0
yolo11tiny_1.3.1,stress,933,0.02,0.02,0.04,25051.98,0
yolo11tiny_1.3.1,stress,934,0.02,0.02,0.04,25917.48,0
yolo11tiny_1.3.1,stress,935,0.06,0.02,0.08,12364.76,0
yolo11tiny_1.3.1,stress,936,0.02,0.02,0.04,27027.03,0
yolo11tiny_1.3.1,stress,937,0.03,0.02,0.06,18154.09,0
yolo11tiny_1.3.1,stress,938,0.02,0.02,0.04,22748.47,0
yolo11tiny_1.3.1,stress,939,0.02,0.02,0.05,21917.81,0
yolo11tiny_1.3.1,stress,940,0.02,0.02,0.04,23233.66,0
yolo11tiny_1.3.1,stress,941,0.02,0.02,0.05,22099.45,0
yolo11tiny_1.3.1,stress,942,0.02,0.03,0.05,21719.77,0
yolo11tiny_1.3.1,stress,943,0.03,0.04,0.06,15645.29,0
yolo11tiny_1.3.1,stress,944,0.02,0.02,0.04,24870.67,0
yolo11tiny_1.3.1,stress,945,0.02,0.03,0.05,21258.05,0
yolo11tiny_1.3.1,stress,946,0.02,0.02,0.04,22577.44,0
yolo11tiny_1.3.1,stress,947,0.02,0.03,0.04,22242.98,0
yolo11tiny_1.3.1,stress,948,0.02,0.03,0.05,21978.02,0
yolo11tiny_1.3.1,stress,949,0.02,0.02,0.04,24048.29,0
yolo11tiny_1.3.1,stress,950,0.02,0.02,0.05,20979.31,0
yolo11tiny_1.3.1,stress,951,0.02,0.03,0.04,22325.91,0
yolo11tiny_1.3.1,stress,952,0.02,0.03,0.05,21798.37,0
yolo11tiny_1.3.1,stress,953,0.02,0.03,0.05,20565.55,0
yolo11tiny_1.3.1,stress,954,0.02,0.02,0.04,22408.96,0
yolo11tiny_1.3.1,stress,955,0.02,0.03,0.05,19245.94,0
yolo11tiny_1.3.1,stress,956,0.02,0.02,0.04,22242.49,0
yolo11tiny_1.3.1,stress,957,0.02,0.03,0.06,18126.78,0
yolo11tiny_1.3.1,stress,958,0.03,0.03,0.06,16249.07,0
yolo11tiny_1.3.1,stress,959,0.02,0.07,0.08,11946.29,0
yolo11tiny_1.3.1,stress,960,0.02,0.03,0.05,20548.23,0
yolo11tiny_1.3.1,stress,961,0.02,0.03,0.04,22620.34,0
yolo11tiny_1.3.1,stress,962,0.03,0.04,0.07,15247.85,0
yolo11tiny_1.3.1,stress,963,0.02,0.02,0.04,25370.41,0
yolo11tiny_1.3.1,stress,964,0.02,0.03,0.05,19950.12,0
yolo11tiny_1.3.1,stress,965,0.02,0.02,0.04,23369.4,0
yolo11tiny_1.3.1,stress,966,0.02,0.02,0.04,24440.32,0
yolo11tiny_1.3.1,stress,967,0.02,0.03,0.05,21660.96,0
yolo11tiny_1.3.1,stress,968,0.02,0.02,0.04,24691.36,0
yolo11tiny_1.3.1,stress,969,0.01,0.02,0.03,32876.35,0
yolo11tiny_1.3.1,stress,970,0.02,0.02,0.04,23368.85,0
yolo11tiny_1.3.1,stress,971,0.02,0.02,0.04,27746.18,0
yolo11tiny_1.3.1,stress,972,0.02,0.03,0.05,22119.49,0
yolo11tiny_1.3.1,stress,973,0.02,0.02,0.04,22242.98,0
yolo11tiny_1.3.1,stress,974,0.02,0.02,0.04,23857.24,0
yolo11tiny_1.3.1,stress,975,0.02,0.07,0.09,11085.49,0
yolo11tiny_1.3.1,stress,976,0.02,0.02,0.04,22727.27,0
yolo11tiny_1.3.1,stress,977,0.05,0.02,0.07,14026.82,0
yolo11tiny_1.3.1,stress,978,0.01,0.02,0.03,30928.15,0
yolo11tiny_1.3.1,stress,979,0.02,0.02,0.04,23529.41,0
yolo11tiny_1.3.1,stress,980,0.04,0.02,0.07,14742.09,0
yolo11tiny_1.3.1,stress,981,0.02,0.03,0.05,20495.58,0
yolo11tiny_1.3.1,stress,982,0.03,0.03,0.06,16415.78,0
yolo11tiny_1.3.1,stress,983,0.02,0.03,0.05,21052.63,0
yolo11tiny_1.3.1,stress,984,0.02,0.03,0.05,21485.97,0
yolo11tiny_1.3.1,stress,985,0.02,0.03,0.05,21563.34,0
yolo11tiny_1.3.1,stress,986,0.02,0.03,0.05,21938.0,0
yolo11tiny_1.3.1,stress,987,0.02,0.02,0.04,22966.33,0
yolo11tiny_1.3.1,stress,988,0.02,0.02,0.04,22535.21,0
yolo11tiny_1.3.1,stress,989,0.1,0.03,0.12,8040.2,0
yolo11tiny_1.3.1,stress,990,0.02,0.03,0.05,20707.36,0
yolo11tiny_1.3.1,stress,991,0.02,0.03,0.05,21371.63,0
yolo11tiny_1.3.1,stress,992,0.02,0.02,0.04,24365.88,0
yolo11tiny_1.3.1,stress,993,0.02,0.04,0.06,16205.35,0
yolo11tiny_1.3.1,stress,994,0.02,0.03,0.04,22577.95,0
yolo11tiny_1.3.1,stress,995,0.02,0.02,0.04,22346.37,0
yolo11tiny_1.3.1,stress,996,0.02,0.03,0.05,22201.5,0
yolo11tiny_1.3.1,stress,997,0.02,0.02,0.04,22662.89,0
yolo11tiny_1.3.1,stress,998,0.02,0.02,0.04,26996.38,0
yolo11tiny_1.3.1,stress,999,0.02,0.03,0.05,21621.62,0
yolo11tiny_1.3.1,stress,1000,0.02,0.02,0.05,21295.63,0
yolo11tiny_1.3.1,stress,1001,0.02,0.02,0.04,28070.18,0
yolo11tiny_1.3.1,stress,1002,0.01,0.01,0.02,44037.34,0
yolo11tiny_1.3.1,stress,1003,0.01,0.01,0.02,42704.02,0
yolo11tiny_1.3.1,stress,1004,0.02,0.02,0.05,21817.86,0
yolo11tiny_1.3.1,stress,1005,0.01,0.01,0.02,40471.08,0
yolo11tiny_1.3.1,stress,1006,0.01,0.02,0.03,35820.47,0
yolo11tiny_1.3.1,stress,1007,0.22,0.02,0.23,4259.85,0
yolo11tiny_1.3.1,stress,1008,0.01,0.01,0.02,42328.04,0
yolo11tiny_1.3.1,stress,1009,0.01,0.01,0.03,38277.51,0
yolo11tiny_1.3.1,stress,1010,0.01,0.01,0.02,55300.56,0
yolo11tiny_1.3.1,stress,1011,0.01,0.02,0.04,27149.57,0
yolo11tiny_1.3.1,stress,1012,0.01,0.01,0.02,43010.75,0
yolo11tiny_1.3.1,stress,1013,0.01,0.01,0.02,54794.52,0
yolo11tiny_1.3.1,stress,1014,0.01,0.01,0.02,56075.81,0
yolo11tiny_1.3.1,stress,1015,0.01,0.01,0.02,50208.36,0
yolo11tiny_1.3.1,stress,1016,0.01,0.01,0.02,46511.63,0
yolo11tiny_1.3.1,stress,1017,0.01,0.01,0.03,39603.96,0
yolo11tiny_1.3.1,stress,1018,0.01,0.01,0.02,47337.28,0
yolo11tiny_1.3.1,stress,1019,0.01,0.01,0.02,42553.19,0
yolo11tiny_1.3.1,stress,1020,0.01,0.01,0.02,42179.85,0
yolo11tiny_1.3.1,stress,1021,0.01,0.01,0.03,37676.14,0
yolo11tiny_1.3.1,stress,1022,0.01,0.01,0.03,38277.51,0
yolo11tiny_1.3.1,stress,1023,0.02,0.02,0.03,28915.94,0
yolo11tiny_1.3.1,stress,1024,0.01,0.02,0.04,28571.43,0
yolo11tiny_1.3.1,stress,1025,0.01,0.01,0.02,44774.78,0
yolo11tiny_1.3.1,stress,1026,0.01,0.01,0.02,44361.64,0
yolo11tiny_1.3.1,stress,1027,0.03,0.03,0.06,17228.9,0
yolo11tiny_1.3.1,stress,1028,0.02,0.02,0.04,28201.58,0
yolo11tiny_1.3.1,stress,1029,0.01,0.02,0.03,32042.04,0
yolo11tiny_1.3.1,stress,1030,0.02,0.04,0.06,16260.16,0
yolo11tiny_1.3.1,stress,1031,0.01,0.01,0.02,41593.88,0
yolo11tiny_1.3.1,stress,1032,0.01,0.01,0.02,47808.0,0
yolo11tiny_1.3.1,stress,1033,0.01,0.01,0.02,43875.04,0
yolo11tiny_1.3.1,stress,1034,0.01,0.01,0.02,42105.26,0
yolo11tiny_1.3.1,stress,1035,0.01,0.01,0.02,51064.7,0
yolo11tiny_1.3.1,stress,1036,0.01,0.01,0.02,45283.7,0
yolo11tiny_1.3.1,stress,1037,0.01,0.01,0.02,42477.27,0
yolo11tiny_1.3.1,stress,1038,0.02,0.01,0.03,34832.28,0
yolo11tiny_1.3.1,stress,1039,0.01,0.01,0.02,47431.58,0
yolo11tiny_1.3.1,stress,1040,0.01,0.01,0.02,48683.12,0
yolo11tiny_1.3.1,stress,1041,0.01,0.01,0.02,40201.01,0
yolo11tiny_1.3.1,stress,1042,0.01,0.01,0.02,43555.9,0
yolo11tiny_1.3.1,stress,1043,0.01,0.01,0.02,40472.72,0
yolo11tiny_1.3.1,stress,1044,0.01,0.01,0.02,46783.63,0
yolo11tiny_1.3.1,stress,1045,0.02,0.03,0.06,17817.37,0
yolo11tiny_1.3.1,stress,1046,0.02,0.02,0.04,22514.41,0
yolo11tiny_1.3.1,stress,1047,0.02,0.03,0.05,20924.0,0
yolo11tiny_1.3.1,stress,1048,0.02,0.02,0.05,21998.33,0
yolo11tiny_1.3.1,stress,1049,0.01,0.05,0.07,15160.93,0
yolo11tiny_1.3.1,stress,1050,0.01,0.02,0.03,36363.64,0
yolo11tiny_1.3.1,stress,1051,0.01,0.01,0.02,59115.63,0
yolo11tiny_1.3.1,stress,1052,0.01,0.01,0.02,43557.8,0
yolo11tiny_1.3.1,stress,1053,0.01,0.01,0.02,47058.82,0
yolo11tiny_1.3.1,stress,1054,0.01,0.01,0.02,43399.01,0
yolo11tiny_1.3.1,stress,1055,0.01,0.01,0.02,46332.76,0
yolo11tiny_1.3.1,stress,1056,0.02,0.02,0.04,24922.12,0
yolo11tiny_1.3.1,stress,1057,0.01,0.01,0.03,38337.68,0
yolo11tiny_1.3.1,stress,1058,0.01,0.01,0.03,39801.0,0
yolo11tiny_1.3.1,stress,1059,0.01,0.01,0.03,38034.38,0
yolo11tiny_1.3.1,stress,1060,0.01,0.01,0.02,40748.14,0
yolo11tiny_1.3.1,stress,1061,0.02,0.03,0.05,21182.85,0
yolo11tiny_1.3.1,stress,1062,0.02,0.02,0.04,22922.64,0
yolo11tiny_1.3.1,stress,1063,0.02,0.02,0.04,23529.41,0
yolo11tiny_1.3.1,stress,1064,0.02,0.02,0.04,26431.95,0
yolo11tiny_1.3.1,stress,1065,0.02,0.02,0.04,27713.88,0
yolo11tiny_1.3.1,stress,1066,0.02,0.02,0.04,23437.87,0
yolo11tiny_1.3.1,stress,1067,0.02,0.02,0.03,28571.43,0
yolo11tiny_1.3.1,stress,1068,0.02,0.02,0.04,24047.71,0
yolo11tiny_1.3.1,stress,1069,0.02,0.02,0.04,22408.96,0
yolo11tiny_1.3.1,stress,1070,0.03,0.02,0.05,18404.68,0
yolo11tiny_1.3.1,stress,1071,0.02,0.02,0.04,22325.42,0
yolo11tiny_1.3.1,stress,1072,0.02,0.03,0.05,19966.46,0
yolo11tiny_1.3.1,stress,1073,0.02,0.02,0.04,24218.35,0
yolo11tiny_1.3.1,stress,1074,0.02,0.02,0.05,21239.09,0
yolo11tiny_1.3.1,stress,1075,0.02,0.02,0.04,27273.22,0
yolo11tiny_1.3.1,stress,1076,0.02,0.03,0.05,19639.81,0
yolo11tiny_1.3.1,stress,1077,0.02,0.03,0.05,19704.43,0
yolo11tiny_1.3.1,stress,1078,0.02,0.03,0.05,22180.82,0
yolo11tiny_1.3.1,stress,1079,0.02,0.02,0.04,25668.67,0
yolo11tiny_1.3.1,stress,1080,0.03,0.04,0.06,16304.44,0
yolo11tiny_1.3.1,stress,1081,0.02,0.03,0.05,19639.81,0
yolo11tiny_1.3.1,stress,1082,0.02,0.03,0.05,20978.87,0
yolo11tiny_1.3.1,stress,1083,0.15,0.03,0.17,5795.69,0
yolo11tiny_1.3.1,stress,1084,0.02,0.03,0.05,22018.67,0
yolo11tiny_1.3.1,stress,1085,0.02,0.02,0.04,26286.74,0
yolo11tiny_1.3.1,stress,1086,0.02,0.02,0.05,22201.5,0
yolo11tiny_1.3.1,stress,1087,0.02,0.03,0.05,21333.33,0
yolo11tiny_1.3.1,stress,1088,0.02,0.02,0.04,23738.87,0
yolo11tiny_1.3.1,stress,1089,0.04,0.03,0.07,14311.27,0
yolo11tiny_1.3.1,stress,1090,0.02,0.02,0.05,21719.3,0
yolo11tiny_1.3.1,stress,1091,0.02,0.02,0.03,29161.32,0
yolo11tiny_1.3.1,stress,1092,0.02,0.02,0.04,26726.53,0
yolo11tiny_1.3.1,stress,1093,0.02,0.02,0.04,27650.28,0
yolo11tiny_1.3.1,stress,1094,0.01,0.02,0.03,33241.37,0
yolo11tiny_1.3.1,stress,1095,0.05,0.03,0.09,11724.57,0
yolo11tiny_1.3.1,stress,1096,0.02,0.02,0.04,22598.87,0
yolo11tiny_1.3.1,stress,1097,0.02,0.02,0.04,23346.49,0
yolo11tiny_1.3.1,stress,1098,0.02,0.02,0.05,21524.35,0
yolo11tiny_1.3.1,stress,1099,0.02,0.03,0.05,20530.51,0
yolo11tiny_1.3.1,stress,1100,0.02,0.02,0.04,24514.61,0
yolo11tiny_1.3.1,stress,1101,0.02,0.02,0.05,22018.19,0
yolo11tiny_1.3.1,stress,1102,0.02,0.03,0.05,18320.39,0
yolo11tiny_1.3.1,stress,1103,0.02,0.02,0.03,29739.78,0
yolo11tiny_1.3.1,stress,1104,0.02,0.02,0.04,22451.22,0
yolo11tiny_1.3.1,stress,1105,0.02,0.02,0.05,21739.13,0
yolo11tiny_1.3.1,stress,1106,0.02,0.02,0.04,22835.22,0
yolo11tiny_1.3.1,stress,1107,0.02,0.02,0.04,22535.21,0
yolo11tiny_1.3.1,stress,1108,0.03,0.03,0.06,18018.02,0
yolo11tiny_1.3.1,stress,1109,0.02,0.03,0.05,19308.0,0
yolo11tiny_1.3.1,stress,1110,0.02,0.02,0.04,23010.19,0
yolo11tiny_1.3.1,stress,1111,0.02,0.02,0.05,21201.26,0
yolo11tiny_1.3.1,stress,1112,0.02,0.03,0.05,19785.52,0
yolo11tiny_1.3.1,stress,1113,0.02,0.02,0.04,22577.44,0
yolo11tiny_1.3.1,stress,1114,0.02,0.02,0.04,22966.33,0
yolo11tiny_1.3.1,stress,1115,0.02,0.02,0.04,26115.8,0
yolo11tiny_1.3.1,stress,1116,0.02,0.02,0.04,24818.82,0
yolo11tiny_1.3.1,stress,1117,0.02,0.02,0.04,23278.55,0
yolo11tiny_1.3.1,stress,1118,0.02,0.02,0.05,22078.95,0
yolo11tiny_1.3.1,stress,1119,0.05,0.03,0.08,12301.33,0
yolo11tiny_1.3.1,stress,1120,0.02,0.02,0.04,24024.02,0
yolo11tiny_1.3.1,stress,1121,0.02,0.02,0.04,22304.5,0
yolo11tiny_1.3.1,stress,1122,0.09,0.15,0.24,4184.1,0
yolo11tiny_1.3.1,stress,1123,0.02,0.02,0.05,21997.84,0
yolo11tiny_1.3.1,stress,1124,0.02,0.03,0.05,21719.77,0
yolo11tiny_1.3.1,stress,1125,0.02,0.03,0.05,21699.51,0
yolo11tiny_1.3.1,stress,1126,0.02,0.03,0.05,21563.34,0
yolo11tiny_1.3.1,stress,1127,0.02,0.07,0.09,11650.53,0
yolo11tiny_1.3.1,stress,1128,0.02,0.02,0.04,22304.5,0
yolo11tiny_1.3.1,stress,1129,0.02,0.02,0.04,25263.37,0
yolo11tiny_1.3.1,stress,1130,0.02,0.03,0.05,19169.57,0
yolo11tiny_1.3.1,stress,1131,0.03,0.03,0.06,18099.55,0
yolo11tiny_1.3.1,stress,1132,0.02,0.02,0.05,22181.31,0
yolo11tiny_1.3.1,stress,1133,0.01,0.01,0.02,44281.1,0
yolo11tiny_1.3.1,stress,1134,0.02,0.01,0.03,34139.01,0
yolo11tiny_1.3.1,stress,1135,0.01,0.01,0.02,40269.0,0
yolo11tiny_1.3.1,stress,1136,0.02,0.02,0.03,32697.9,0
yolo11tiny_1.3.1,stress,1137,0.01,0.01,0.02,51725.03,0
yolo11tiny_1.3.1,stress,1138,0.01,0.02,0.03,36697.25,0
yolo11tiny_1.3.1,stress,1139,0.02,0.02,0.03,31787.41,0
yolo11tiny_1.3.1,stress,1140,0.01,0.01,0.02,50525.46,0
yolo11tiny_1.3.1,stress,1141,0.01,0.01,0.02,46602.67,0
yolo11tiny_1.3.1,stress,1142,0.01,0.01,0.02,42328.04,0
yolo11tiny_1.3.1,stress,1143,0.01,0.01,0.03,38277.51,0
yolo11tiny_1.3.1,stress,1144,0.01,0.01,0.02,41956.87,0
yolo11tiny_1.3.1,stress,1145,0.01,0.01,0.03,39538.19,0
yolo11tiny_1.3.1,stress,1146,0.02,0.02,0.04,26030.14,0
yolo11tiny_1.3.1,stress,1147,0.02,0.02,0.04,23952.1,0
yolo11tiny_1.3.1,stress,1148,0.02,0.02,0.04,24340.38,0
yolo11tiny_1.3.1,stress,1149,0.02,0.03,0.05,20960.41,0
yolo11tiny_1.3.1,stress,1150,0.02,0.02,0.04,25806.45,0
yolo11tiny_1.3.1,stress,1151,0.04,0.07,0.11,9284.28,0
yolo11tiny_1.3.1,stress,1152,0.02,0.02,0.04,23188.41,0
yolo11tiny_1.3.1,stress,1153,0.02,0.02,0.04,22388.39,0
yolo11tiny_1.3.1,stress,1154,0.01,0.02,0.03,32043.07,0
yolo11tiny_1.3.1,stress,1155,0.01,0.02,0.03,33380.07,0
yolo11tiny_1.3.1,stress,1156,0.01,0.01,0.03,36697.25,0
yolo11tiny_1.3.1,stress,1157,0.02,0.01,0.03,32388.66,0
yolo11tiny_1.3.1,stress,1158,0.02,0.02,0.04,24024.02,0
yolo11tiny_1.3.1,stress,1159,0.02,0.02,0.04,23278.55,0
yolo11tiny_1.3.1,stress,1160,0.02,0.02,0.04,26115.12,0
yolo11tiny_1.3.1,stress,1161,0.02,0.04,0.06,16783.03,0
yolo11tiny_1.3.1,stress,1162,0.02,0.02,0.04,26607.77,0
yolo11tiny_1.3.1,stress,1163,0.02,0.03,0.05,20960.41,0
yolo11tiny_1.3.1,stress,1164,0.02,0.02,0.05,22018.67,0
yolo11tiny_1.3.1,stress,1165,0.02,0.02,0.04,26115.12,0
yolo11tiny_1.3.1,stress,1166,0.02,0.02,0.04,24742.06,0
yolo11tiny_1.3.1,stress,1167,0.02,0.02,0.04,24266.54,0
yolo11tiny_1.3.1,stress,1168,0.02,0.02,0.04,24464.83,0
yolo11tiny_1.3.1,stress,1169,0.02,0.03,0.05,20833.33,0
yolo11tiny_1.3.1,stress,1170,0.02,0.02,0.04,24193.16,0
yolo11tiny_1.3.1,stress,1171,0.03,0.04,0.06,16021.28,0
yolo11tiny_1.3.1,stress,1172,0.02,0.02,0.04,22770.74,0
yolo11tiny_1.3.1,stress,1173,0.03,0.03,0.06,16585.95,0
yolo11tiny_1.3.1,stress,1174,0.02,0.02,0.04,25078.37,0
yolo11tiny_1.3.1,stress,1175,0.02,0.02,0.04,22705.6,0
yolo11tiny_1.3.1,stress,1176,0.02,0.02,0.05,21978.02,0
yolo11tiny_1.3.1,stress,1177,0.02,0.02,0.04,22408.96,0
yolo11tiny_1.3.1,stress,1178,0.02,0.03,0.05,20942.41,0
yolo11tiny_1.3.1,stress,1179,0.02,0.02,0.04,24316.11,0
yolo11tiny_1.3.1,stress,1180,0.02,0.02,0.04,25504.35,0
yolo11tiny_1.3.1,stress,1181,0.03,0.03,0.05,18278.86,0
yolo11tiny_1.3.1,stress,1182,0.02,0.02,0.04,24316.11,0
yolo11tiny_1.3.1,stress,1183,0.02,0.02,0.04,23188.41,0
yolo11tiny_1.3.1,stress,1184,0.02,0.02,0.04,24193.74,0
yolo11tiny_1.3.1,stress,1185,0.02,0.03,0.05,21878.01,0
yolo11tiny_1.3.1,stress,1186,0.02,0.02,0.04,26666.67,0
yolo11tiny_1.3.1,stress,1187,0.02,0.02,0.04,26431.25,0
yolo11tiny_1.3.1,stress,1188,0.02,0.02,0.05,21640.81,0
yolo11tiny_1.3.1,stress,1189,0.02,0.02,0.04,22556.56,0
yolo11tiny_1.3.1,stress,1190,0.02,0.03,0.05,21524.35,0
yolo11tiny_1.3.1,stress,1191,0.02,0.04,0.06,15444.02,0
yolo11tiny_1.3.1,stress,1192,0.02,0.02,0.04,25834.45,0
yolo11tiny_1.3.1,stress,1193,0.01,0.01,0.02,40676.86,0
yolo11tiny_1.3.1,stress,1194,0.01,0.01,0.03,37325.97,0
yolo11tiny_1.3.1,stress,1195,0.01,0.01,0.03,39086.93,0
yolo11tiny_1.3.1,stress,1196,0.01,0.02,0.03,32696.83,0
yolo11tiny_1.3.1,stress,1197,0.02,0.03,0.05,19386.23,0
yolo11tiny_1.3.1,stress,1198,0.02,0.02,0.04,24767.8,0
yolo11tiny_1.3.1,stress,1199,0.01,0.01,0.02,47714.48,0
yolo11tiny_1.3.1,stress,1200,0.02,0.02,0.05,21182.85,0
yolo11tiny_1.3.1,stress,1201,0.07,0.04,0.1,9925.56,0
yolo11tiny_1.3.1,stress,1202,0.02,0.03,0.04,22577.44,0
yolo11tiny_1.3.1,stress,1203,0.02,0.02,0.04,24047.71,0
yolo11tiny_1.3.1,stress,1204,0.02,0.02,0.04,23414.82,0
yolo11tiny_1.3.1,stress,1205,0.02,0.02,0.03,29019.99,0
yolo11tiny_1.3.1,stress,1206,0.32,0.05,0.36,2745.99,0
yolo11tiny_1.3.1,stress,1207,0.02,0.02,0.04,23880.6,0
yolo11tiny_1.3.1,stress,1208,0.02,0.03,0.05,21937.52,0
yolo11tiny_1.3.1,stress,1209,0.02,0.02,0.03,28639.34,0
yolo11tiny_1.3.1,stress,1210,0.01,0.01,0.03,39151.2,0
yolo11tiny_1.3.1,stress,1211,0.01,0.01,0.03,35190.2,0
yolo11tiny_1.3.1,stress,1212,0.02,0.02,0.04,23715.23,0
yolo11tiny_1.3.1,stress,1213,0.02,0.02,0.03,28708.41,0
yolo11tiny_1.3.1,stress,1214,0.01,0.01,0.03,39934.51,0
yolo11tiny_1.3.1,stress,1215,0.01,0.02,0.03,33286.73,0
yolo11tiny_1.3.1,stress,1216,0.02,0.02,0.04,24896.06,0
yolo11tiny_1.3.1,stress,1217,0.01,0.01,0.03,39151.2,0
yolo11tiny_1.3.1,stress,1218,0.01,0.01,0.02,43321.93,0
yolo11tiny_1.3.1,stress,1219,0.01,0.01,0.02,47904.19,0
yolo11tiny_1.3.1,stress,1220,0.01,0.01,0.02,44361.64,0
yolo11tiny_1.3.1,stress,1221,0.01,0.01,0.02,48288.18,0
yolo11tiny_1.3.1,stress,1222,0.03,0.04,0.07,15009.38,0
yolo11tiny_1.3.1,stress,1223,0.02,0.03,0.05,20689.37,0
yolo11tiny_1.3.1,stress,1224,0.02,0.03,0.05,21352.01,0
yolo11tiny_1.3.1,stress,1225,0.02,0.02,0.04,22835.22,0
yolo11tiny_1.3.1,stress,1226,0.02,0.02,0.04,22988.51,0
yolo11tiny_1.3.1,stress,1227,0.02,0.02,0.04,22879.11,0
yolo11tiny_1.3.1,stress,1228,0.02,0.02,0.04,25316.46,0
yolo11tiny_1.3.1,stress,1229,0.02,0.03,0.05,20050.13,0
yolo11tiny_1.3.1,stress,1230,0.02,0.02,0.04,24218.35,0
yolo11tiny_1.3.1,stress,1231,0.02,0.02,0.04,22944.2,0
yolo11tiny_1.3.1,stress,1232,0.01,0.02,0.03,31291.07,0
yolo11tiny_1.3.1,stress,1233,0.01,0.01,0.02,54297.66,0
yolo11tiny_1.3.1,stress,1234,0.01,0.01,0.03,35874.44,0
yolo11tiny_1.3.1,stress,1235,0.02,0.02,0.04,25613.44,0
yolo11tiny_1.3.1,stress,1236,0.02,0.02,0.04,22556.05,0
yolo11tiny_1.3.1,stress,1237,0.02,0.02,0.04,23552.69,0
yolo11tiny_1.3.1,stress,1238,0.02,0.92,0.94,1068.14,0
yolo11tiny_1.3.1,stress,1239,0.03,0.02,0.05,18223.23,0
yolo11tiny_1.3.1,stress,1240,0.02,0.02,0.04,24973.78,0
yolo11tiny_1.3.1,stress,1241,0.02,0.02,0.04,24716.99,0
yolo11tiny_1.3.1,stress,1242,0.02,0.02,0.04,22451.22,0
yolo11tiny_1.3.1,stress,1243,0.06,0.03,0.09,11379.8,0
yolo11tiny_1.3.1,stress,1244,0.02,0.03,0.05,21201.26,0
yolo11tiny_1.3.1,stress,1245,0.03,0.05,0.08,13311.15,0
yolo11tiny_1.3.1,stress,1246,0.02,0.03,0.05,20671.83,0
yolo11tiny_1.3.1,stress,1247,0.03,0.03,0.06,16632.02,0
yolo11tiny_1.3.1,stress,1248,0.02,0.02,0.04,23928.02,0
yolo11tiny_1.3.1,stress,1249,0.02,0.02,0.05,21201.71,0
yolo11tiny_1.3.1,stress,1250,0.02,0.03,0.05,21201.26,0
yolo11tiny_1.3.1,stress,1251,0.02,0.02,0.04,25723.47,0
yolo11tiny_1.3.1,stress,1252,0.02,0.02,0.04,24589.96,0
yolo11tiny_1.3.1,stress,1253,0.01,0.01,0.03,37975.16,0
yolo11tiny_1.3.1,stress,1254,0.02,0.02,0.04,24793.59,0
yolo11tiny_1.3.1,stress,1255,0.02,0.03,0.05,19246.31,0
yolo11tiny_1.3.1,stress,1256,0.01,0.01,0.02,40955.07,0
yolo11tiny_1.3.1,stress,1257,0.01,0.01,0.02,50421.02,0
yolo11tiny_1.3.1,stress,1258,0.01,0.01,0.02,51282.05,0
yolo11tiny_1.3.1,stress,1259,0.01,0.02,0.03,35714.29,0
yolo11tiny_1.3.1,stress,1260,0.01,0.01,0.02,51948.05,0
yolo11tiny_1.3.1,stress,1261,0.01,0.01,0.02,44859.14,0
yolo11tiny_1.3.1,stress,1262,0.04,0.22,0.26,3819.23,0
yolo11tiny_1.3.1,stress,1263,0.02,0.02,0.04,23833.36,0
yolo11tiny_1.3.1,stress,1264,0.02,0.02,0.05,21258.05,0
yolo11tiny_1.3.1,stress,1265,0.02,0.02,0.04,22535.21,0
yolo11tiny_1.3.1,stress,1266,0.03,0.02,0.05,21034.03,0
yolo11tiny_1.3.1,stress,1267,0.02,0.02,0.04,22813.34,0
yolo11tiny_1.3.1,stress,1268,0.02,0.02,0.04,25263.37,0
yolo11tiny_1.3.1,stress,1269,0.04,0.02,0.07,14999.93,0
yolo11tiny_1.3.1,stress,1270,0.02,0.02,0.04,26785.95,0
yolo11tiny_1.3.1,stress,1271,0.01,0.02,0.04,25504.35,0
yolo11tiny_1.3.1,stress,1272,0.01,0.02,0.03,31128.4,0
yolo11tiny_1.3.1,stress,1273,0.01,0.02,0.03,30967.42,0
yolo11tiny_1.3.1,stress,1274,0.02,0.02,0.03,30534.35,0
yolo11tiny_1.3.1,stress,1275,0.01,0.01,0.02,65218.81,0
yolo11tiny_1.3.1,stress,1276,0.01,0.02,0.03,32564.8,0
yolo11tiny_1.3.1,stress,1277,0.02,0.02,0.04,27554.28,0
yolo11tiny_1.3.1,stress,1278,0.01,0.02,0.03,33012.02,0
yolo11tiny_1.3.1,stress,1279,0.01,0.02,0.03,31047.22,0
yolo11tiny_1.3.1,stress,1280,0.03,0.03,0.06,17155.01,0
yolo11tiny_1.3.1,stress,1281,0.01,0.02,0.03,32921.81,0
yolo11tiny_1.3.1,stress,1282,0.01,0.02,0.03,34140.18,0
yolo11tiny_1.3.1,stress,1283,0.01,0.02,0.03,35555.56,0
yolo11tiny_1.3.1,stress,1284,0.01,0.02,0.03,31250.0,0
yolo11tiny_1.3.1,stress,1285,0.02,0.02,0.04,24818.82,0
yolo11tiny_1.3.1,stress,1286,0.02,0.03,0.05,19591.71,0
yolo11tiny_1.3.1,stress,1287,0.02,0.2,0.22,4517.22,0
yolo11tiny_1.3.1,stress,1288,0.02,0.02,0.04,26115.12,0
yolo11tiny_1.3.1,stress,1289,0.02,0.02,0.04,24242.42,0
yolo11tiny_1.3.1,stress,1290,0.02,0.02,0.05,21447.72,0
yolo11tiny_1.3.1,stress,1291,0.02,0.03,0.05,21201.26,0
yolo11tiny_1.3.1,stress,1292,0.02,0.03,0.05,21447.72,0
yolo11tiny_1.3.1,stress,1293,0.02,0.02,0.04,26143.79,0
yolo11tiny_1.3.1,stress,1294,0.02,0.04,0.07,15084.78,0
yolo11tiny_1.3.1,stress,1295,0.02,0.02,0.04,24072.02,0
yolo11tiny_1.3.1,stress,1296,0.02,0.02,0.04,28136.52,0
yolo11tiny_1.3.1,stress,1297,0.04,0.07,0.11,8852.77,0
yolo11tiny_1.3.1,stress,1298,0.02,0.02,0.04,27460.46,0
yolo11tiny_1.3.1,stress,1299,0.02,0.03,0.05,20218.77,0
yolo11tiny_1.3.1,stress,1300,0.01,0.01,0.03,37440.56,0
yolo11tiny_1.3.1,stress,1301,0.01,0.01,0.03,38156.29,0
yolo11tiny_1.3.1,stress,1302,0.01,0.01,0.02,41025.64,0
yolo11tiny_1.3.1,stress,1303,0.01,0.01,0.02,40404.04,0
yolo11tiny_1.3.1,stress,1304,0.01,0.01,0.02,47619.05,0
yolo11tiny_1.3.1,stress,1305,0.01,0.02,0.03,31454.45,0
yolo11tiny_1.3.1,stress,1306,0.01,0.01,0.03,37500.94,0
yolo11tiny_1.3.1,stress,1307,0.02,0.02,0.04,25104.18,0
yolo11tiny_1.3.1,stress,1308,0.03,0.02,0.06,17429.19,0
yolo11tiny_1.3.1,stress,1309,0.02,0.02,0.04,23346.49,0
yolo11tiny_1.3.1,stress,1310,0.02,0.02,0.04,23054.76,0
yolo11tiny_1.3.1,stress,1311,0.02,0.02,0.04,27118.64,0
yolo11tiny_1.3.1,stress,1312,0.02,0.03,0.05,19575.6,0
yolo11tiny_1.3.1,stress,1313,0.02,0.03,0.05,21390.37,0
yolo11tiny_1.3.1,stress,1314,0.02,0.02,0.04,22387.89,0
yolo11tiny_1.3.1,stress,1315,0.02,0.03,0.05,21467.06,0
yolo11tiny_1.3.1,stress,1316,0.02,0.02,0.04,22284.12,0
yolo11tiny_1.3.1,stress,1317,0.02,0.02,0.04,22556.05,0
yolo11tiny_1.3.1,stress,1318,0.02,0.02,0.05,22201.5,0
yolo11tiny_1.3.1,stress,1319,0.02,0.02,0.05,21582.89,0
yolo11tiny_1.3.1,stress,1320,0.02,0.02,0.04,24948.23,0
yolo11tiny_1.3.1,stress,1321,0.02,0.02,0.04,23622.23,0
yolo11tiny_1.3.1,stress,1322,0.02,0.03,0.05,21602.0,0
yolo11tiny_1.3.1,stress,1323,0.02,0.03,0.05,21314.69,0
yolo11tiny_1.3.1,stress,1324,0.02,0.03,0.05,21798.37,0
yolo11tiny_1.3.1,stress,1325,0.02,0.02,0.05,21409.15,0
yolo11tiny_1.3.1,stress,1326,0.02,0.02,0.04,24565.2,0
yolo11tiny_1.3.1,stress,1327,0.02,0.02,0.04,23952.1,0
yolo11tiny_1.3.1,stress,1328,0.03,0.03,0.06,17634.2,0
yolo11tiny_1.3.1,stress,1329,0.02,0.04,0.06,15968.06,0
yolo11tiny_1.3.1,stress,1330,0.01,0.02,0.03,32786.89,0
yolo11tiny_1.3.1,stress,1331,0.02,0.02,0.04,27841.97,0
yolo11tiny_1.3.1,stress,1332,0.02,0.02,0.04,23165.84,0
yolo11tiny_1.3.1,stress,1333,0.02,0.03,0.05,20960.85,0
yolo11tiny_1.3.1,stress,1334,0.02,0.03,0.05,22140.55,0
yolo11tiny_1.3.1,stress,1335,0.02,0.02,0.04,22535.21,0
yolo11tiny_1.3.1,stress,1336,0.02,0.03,0.05,22140.55,0
yolo11tiny_1.3.1,stress,1337,0.02,0.02,0.04,22813.34,0
yolo11tiny_1.3.1,stress,1338,0.02,0.03,0.05,20797.37,0
yolo11tiny_1.3.1,stress,1339,0.02,0.03,0.05,18447.46,0
yolo11tiny_1.3.1,stress,1340,0.02,0.02,0.04,22662.89,0
yolo11tiny_1.3.1,stress,1341,0.02,0.03,0.05,19261.88,0
yolo11tiny_1.3.1,stress,1342,0.02,0.03,0.05,21582.89,0
yolo11tiny_1.3.1,stress,1343,0.02,0.02,0.04,24291.3,0
yolo11tiny_1.3.1,stress,1344,0.02,0.03,0.05,19639.81,0
yolo11tiny_1.3.1,stress,1345,0.03,0.03,0.06,16925.34,0
yolo11tiny_1.3.1,stress,1346,0.02,0.02,0.05,22058.5,0
yolo11tiny_1.3.1,stress,1347,0.02,0.02,0.04,26490.07,0
yolo11tiny_1.3.1,stress,1348,0.02,0.03,0.05,21660.96,0
yolo11tiny_1.3.1,stress,1349,0.02,0.02,0.04,23692.19,0
yolo11tiny_1.3.1,stress,1350,0.02,0.03,0.05,20287.68,0
yolo11tiny_1.3.1,stress,1351,0.02,0.03,0.05,20373.24,0
yolo11tiny_1.3.1,stress,1352,0.02,0.02,0.05,22222.22,0
yolo11tiny_1.3.1,stress,1353,0.02,0.02,0.05,21660.49,0
yolo11tiny_1.3.1,stress,1354,0.02,0.02,0.04,26286.74,0
yolo11tiny_1.3.1,stress,1355,0.03,0.03,0.06,16427.1,0
yolo11tiny_1.3.1,stress,1356,0.02,0.02,0.04,24340.97,0
yolo11tiny_1.3.1,stress,1357,0.02,0.03,0.05,19900.5,0
yolo11tiny_1.3.1,stress,1358,0.03,0.03,0.06,15533.98,0
yolo11tiny_1.3.1,stress,1359,0.02,0.03,0.06,17556.49,0
yolo11tiny_1.3.1,stress,1360,0.02,0.02,0.05,21258.05,0
yolo11tiny_1.3.1,stress,1361,0.01,0.02,0.03,33195.02,0
yolo11tiny_1.3.1,stress,1362,0.01,0.01,0.02,44117.0,0
yolo11tiny_1.3.1,stress,1363,0.01,0.01,0.02,44943.82,0
yolo11tiny_1.3.1,stress,1364,0.01,0.02,0.03,33566.06,0
yolo11tiny_1.3.1,stress,1365,0.01,0.01,0.02,41666.67,0
yolo11tiny_1.3.1,stress,1366,0.02,0.03,0.05,18735.36,0
yolo11tiny_1.3.1,stress,1367,0.02,0.02,0.05,22160.66,0
yolo11tiny_1.3.1,stress,1368,0.02,0.02,0.04,22492.63,0
yolo11tiny_1.3.1,stress,1369,0.02,0.03,0.05,21719.77,0
yolo11tiny_1.3.1,stress,1370,0.03,0.02,0.05,19624.0,0
yolo11tiny_1.3.1,stress,1371,0.05,0.03,0.08,12718.6,0
yolo11tiny_1.3.1,stress,1372,0.02,0.02,0.04,22598.87,0
yolo11tiny_1.3.1,stress,1373,0.02,0.02,0.04,25806.45,0
yolo11tiny_1.3.1,stress,1374,0.02,0.02,0.04,24000.38,0
yolo11tiny_1.3.1,stress,1375,0.02,0.02,0.04,24096.39,0
yolo11tiny_1.3.1,stress,1376,0.02,0.03,0.04,22922.64,0
yolo11tiny_1.3.1,stress,1377,0.12,0.02,0.14,7019.61,0
yolo11tiny_1.3.1,stress,1378,0.02,0.02,0.04,25423.94,0
yolo11tiny_1.3.1,stress,1379,0.02,0.02,0.04,28335.84,0
yolo11tiny_1.3.1,stress,1380,0.02,0.04,0.06,17777.78,0
yolo11tiny_1.3.1,stress,1381,0.02,0.03,0.05,21257.6,0
yolo11tiny_1.3.1,stress,1382,0.02,0.03,0.05,21857.92,0
yolo11tiny_1.3.1,stress,1383,0.02,0.02,0.05,21582.89,0
yolo11tiny_1.3.1,stress,1384,0.02,0.03,0.05,21371.17,0
yolo11tiny_1.3.1,stress,1385,0.02,0.03,0.04,22748.99,0
yolo11tiny_1.3.1,stress,1386,0.02,0.03,0.05,20671.83,0
yolo11tiny_1.3.1,stress,1387,0.05,0.04,0.09,11707.41,0
yolo11tiny_1.3.1,stress,1388,0.02,0.02,0.04,22284.12,0
yolo11tiny_1.3.1,stress,1389,0.02,0.03,0.05,21582.42,0
yolo11tiny_1.3.1,stress,1390,0.02,0.02,0.04,26936.03,0
yolo11tiny_1.3.1,stress,1391,0.02,0.02,0.04,24316.11,0
yolo11tiny_1.3.1,stress,1392,0.02,0.02,0.05,22058.5,0
yolo11tiny_1.3.1,stress,1393,0.02,0.02,0.05,21878.01,0
yolo11tiny_1.3.1,stress,1394,0.02,0.02,0.05,21877.53,0
yolo11tiny_1.3.1,stress,1395,0.02,0.03,0.05,20168.2,0
yolo11tiny_1.3.1,stress,1396,0.02,0.03,0.05,21958.24,0
yolo11tiny_1.3.1,stress,1397,0.02,0.02,0.05,21759.0,0
yolo11tiny_1.3.1,stress,1398,0.02,0.02,0.04,23278.01,0
yolo11tiny_1.3.1,stress,1399,0.02,0.03,0.04,22493.14,0
yolo11tiny_1.3.1,stress,1400,0.06,0.03,0.09,11695.91,0
yolo11tiny_1.3.1,stress,1401,0.04,0.04,0.07,13528.69,0
yolo11tiny_1.3.1,stress,1402,0.02,0.02,0.04,24640.25,0
yolo11tiny_1.3.1,stress,1403,0.03,0.08,0.11,8823.56,0
yolo11tiny_1.3.1,stress,1404,0.02,0.03,0.05,21371.63,0
yolo11tiny_1.3.1,stress,1405,0.02,0.02,0.04,24217.77,0
yolo11tiny_1.3.1,stress,1406,0.02,0.02,0.04,22598.87,0
yolo11tiny_1.3.1,stress,1407,0.02,0.02,0.04,24316.11,0
yolo11tiny_1.3.1,stress,1408,0.02,0.03,0.05,21505.38,0
yolo11tiny_1.3.1,stress,1409,0.02,0.04,0.06,16678.06,0
yolo11tiny_1.3.1,stress,1410,0.02,0.02,0.04,22684.48,0
yolo11tiny_1.3.1,stress,1411,0.03,0.02,0.05,18433.18,0
yolo11tiny_1.3.1,stress,1412,0.02,0.02,0.04,22513.9,0
yolo11tiny_1.3.1,stress,1413,0.02,0.02,0.04,23785.74,0
yolo11tiny_1.3.1,stress,1414,0.02,0.02,0.04,23414.82,0
yolo11tiny_1.3.1,stress,1415,0.02,0.06,0.08,11970.17,0
yolo11tiny_1.3.1,stress,1416,0.02,0.02,0.03,28880.87,0
yolo11tiny_1.3.1,stress,1417,0.02,0.02,0.04,23054.76,0
yolo11tiny_1.3.1,stress,1418,0.02,0.03,0.05,21680.22,0
yolo11tiny_1.3.1,stress,1419,0.02,0.02,0.04,26258.44,0
yolo11tiny_1.3.1,stress,1420,0.03,0.05,0.07,13483.09,0
yolo11tiny_1.3.1,stress,1421,0.02,0.02,0.04,22683.97,0
yolo11tiny_1.3.1,stress,1422,0.04,0.02,0.06,16949.15,0
yolo11tiny_1.3.1,stress,1423,0.02,0.03,0.05,19496.6,0
yolo11tiny_1.3.1,stress,1424,0.02,0.02,0.04,24539.88,0
yolo11tiny_1.3.1,stress,1425,0.02,0.03,0.04,22641.34,0
yolo11tiny_1.3.1,stress,1426,0.02,0.02,0.04,27972.03,0
yolo11tiny_1.3.1,stress,1427,0.02,0.03,0.05,19261.51,0
yolo11tiny_1.3.1,stress,1428,0.02,0.03,0.05,21958.24,0
yolo11tiny_1.3.1,stress,1429,0.02,0.03,0.05,19639.81,0
yolo11tiny_1.3.1,stress,1430,0.03,0.03,0.06,17429.19,0
yolo11tiny_1.3.1,stress,1431,0.02,0.03,0.05,19917.14,0
yolo11tiny_1.3.1,stress,1432,0.02,0.03,0.05,21220.16,0
yolo11tiny_1.3.1,stress,1433,0.02,0.03,0.05,20356.23,0
yolo11tiny_1.3.1,stress,1434,0.02,0.04,0.06,16150.91,0
yolo11tiny_1.3.1,stress,1435,0.02,0.03,0.05,18852.98,0
yolo11tiny_1.3.1,stress,1436,0.02,0.02,0.04,22535.21,0
yolo11tiny_1.3.1,stress,1437,0.02,0.02,0.04,22727.27,0
yolo11tiny_1.3.1,stress,1438,0.02,0.05,0.08,13274.4,0
yolo11tiny_1.3.1,stress,1439,0.03,0.03,0.05,18764.54,0
yolo11tiny_1.3.1,stress,1440,0.02,0.02,0.04,24267.13,0
yolo11tiny_1.3.1,stress,1441,0.02,0.02,0.04,22770.23,0
yolo11tiny_1.3.1,stress,1442,0.02,0.02,0.04,22471.91,0
yolo11tiny_1.3.1,stress,1443,0.02,0.03,0.05,18823.53,0
yolo11tiny_1.3.1,stress,1444,0.02,0.02,0.04,22429.57,0
yolo11tiny_1.3.1,stress,1445,0.02,0.02,0.04,22535.21,0
yolo11tiny_1.3.1,stress,1446,0.02,0.02,0.04,22835.22,0
yolo11tiny_1.3.1,stress,1447,0.03,0.04,0.07,13551.6,0
yolo11tiny_1.3.1,stress,1448,0.02,0.02,0.04,24365.28,0
yolo11tiny_1.3.1,stress,1449,0.02,0.02,0.04,23391.81,0
yolo11tiny_1.3.1,stress,1450,0.02,0.03,0.05,21276.6,0
yolo11tiny_1.3.1,stress,1451,0.02,0.02,0.04,24818.82,0
yolo11tiny_1.3.1,stress,1452,0.02,0.02,0.05,22058.99,0
yolo11tiny_1.3.1,stress,1453,0.03,0.03,0.06,17278.62,0
yolo11tiny_1.3.1,stress,1454,0.02,0.03,0.05,20671.83,0
yolo11tiny_1.3.1,stress,1455,0.02,0.02,0.04,27907.24,0
yolo11tiny_1.3.1,stress,1456,0.05,0.03,0.08,12060.25,0
yolo11tiny_1.3.1,stress,1457,0.02,0.04,0.06,15424.01,0
yolo11tiny_1.3.1,stress,1458,0.03,0.03,0.06,17167.38,0
yolo11tiny_1.3.1,stress,1459,0.02,0.03,0.05,20067.02,0
yolo11tiny_1.3.1,stress,1460,0.02,0.02,0.04,22748.99,0
yolo11tiny_1.3.1,stress,1461,0.02,0.02,0.04,24340.38,0
yolo11tiny_1.3.1,stress,1462,0.02,0.03,0.05,19002.38,0
yolo11tiny_1.3.1,stress,1463,0.04,0.06,0.11,9149.8,0
yolo11tiny_1.3.1,stress,1464,0.02,0.02,0.04,22857.14,0
yolo11tiny_1.3.1,stress,1465,0.04,0.03,0.06,15873.02,0
yolo11tiny_1.3.1,stress,1466,0.02,0.04,0.06,16713.19,0
yolo11tiny_1.3.1,stress,1467,0.02,0.04,0.06,16172.33,0
yolo11tiny_1.3.1,stress,1468,0.02,0.03,0.05,21897.65,0
yolo11tiny_1.3.1,stress,1469,0.02,0.02,0.04,22366.86,0
yolo11tiny_1.3.1,stress,1470,0.02,0.02,0.04,23323.62,0
yolo11tiny_1.3.1,stress,1471,0.02,0.02,0.05,22078.95,0
yolo11tiny_1.3.1,stress,1472,0.02,0.02,0.04,22304.5,0
yolo11tiny_1.3.1,stress,1473,0.02,0.02,0.05,21680.22,0
yolo11tiny_1.3.1,stress,1474,0.02,0.03,0.05,19093.08,0
yolo11tiny_1.3.1,stress,1475,0.02,0.02,0.04,22922.64,0
yolo11tiny_1.3.1,stress,1476,0.02,0.02,0.04,23762.56,0
yolo11tiny_1.3.1,stress,1477,0.02,0.02,0.05,21857.92,0
yolo11tiny_1.3.1,stress,1478,0.02,0.02,0.04,23833.36,0
yolo11tiny_1.3.1,stress,1479,0.04,0.02,0.06,15737.62,0
yolo11tiny_1.3.1,stress,1480,0.02,0.02,0.04,23300.79,0
yolo11tiny_1.3.1,stress,1481,0.02,0.02,0.04,26402.64,0
yolo11tiny_1.3.1,stress,1482,0.02,0.03,0.05,20689.8,0
yolo11tiny_1.3.1,stress,1483,0.02,0.04,0.06,15915.2,0
yolo11tiny_1.3.1,stress,1484,0.02,0.03,0.05,21295.63,0
yolo11tiny_1.3.1,stress,1485,0.02,0.03,0.05,21467.06,0
yolo11tiny_1.3.1,stress,1486,0.02,0.02,0.04,22513.9,0
yolo11tiny_1.3.1,stress,1487,0.03,0.03,0.06,15799.79,0
yolo11tiny_1.3.1,stress,1488,0.02,0.02,0.04,23809.52,0
yolo11tiny_1.3.1,stress,1489,0.02,0.84,0.86,1158.13,0
yolo11tiny_1.3.1,stress,1490,0.02,0.03,0.05,21837.88,0
yolo11tiny_1.3.1,stress,1491,0.02,0.02,0.04,24242.42,0
yolo11tiny_1.3.1,stress,1492,0.02,0.03,0.05,22038.57,0
yolo11tiny_1.3.1,stress,1493,0.02,0.03,0.05,21759.0,0
yolo11tiny_1.3.1,stress,1494,0.02,0.02,0.04,23010.19,0
yolo11tiny_1.3.1,stress,1495,0.02,0.02,0.04,22346.37,0
yolo11tiny_1.3.1,stress,1496,0.02,0.03,0.05,21485.97,0
yolo11tiny_1.3.1,stress,1497,0.02,0.02,0.05,21798.37,0
yolo11tiny_1.3.1,stress,1498,0.02,0.02,0.04,22988.51,0
yolo11tiny_1.3.1,stress,1499,0.28,0.65,0.93,1079.43,0
yolo11tiny_1.3.1,stress,1500,0.02,0.03,0.05,20339.26,0
yolo11tiny_1.3.1,stress,1501,0.02,0.02,0.04,24716.38,0
yolo11tiny_1.3.1,stress,1502,0.02,0.03,0.05,20167.8,0
yolo11tiny_1.3.1,stress,1503,0.02,0.02,0.04,24390.24,0
yolo11tiny_1.3.1,stress,1504,0.02,0.03,0.05,21314.24,0
yolo11tiny_1.3.1,stress,1505,0.02,0.03,0.05,21838.35,0
yolo11tiny_1.3.1,stress,1506,0.02,0.02,0.04,22242.98,0
yolo11tiny_1.3.1,stress,1507,0.02,0.03,0.05,20978.87,0
yolo11tiny_1.3.1,stress,1508,0.02,0.02,0.05,21778.43,0
yolo11tiny_1.3.1,stress,1509,0.02,0.02,0.05,22201.99,0
yolo11tiny_1.3.1,stress,1510,0.02,0.02,0.05,21544.3,0
yolo11tiny_1.3.1,stress,1511,0.02,0.02,0.04,24565.2,0
yolo11tiny_1.3.1,stress,1512,0.02,0.03,0.05,20408.16,0
yolo11tiny_1.3.1,stress,1513,0.02,0.02,0.05,21602.0,0
yolo11tiny_1.3.1,stress,1514,0.02,0.02,0.04,23211.01,0
yolo11tiny_1.3.1,stress,1515,0.02,0.03,0.05,21239.09,0
yolo11tiny_1.3.1,stress,1516,0.02,0.02,0.04,22944.73,0
yolo11tiny_1.3.1,stress,1517,0.02,0.02,0.05,21957.75,0
yolo11tiny_1.3.1,stress,1518,0.02,0.04,0.06,17595.41,0
yolo11tiny_1.3.1,stress,1519,0.02,0.02,0.04,24640.25,0
yolo11tiny_1.3.1,stress,1520,0.02,0.02,0.05,21201.71,0
yolo11tiny_1.3.1,stress,1521,0.02,0.02,0.04,25157.23,0
yolo11tiny_1.3.1,stress,1522,0.02,0.03,0.05,21938.0,0
yolo11tiny_1.3.1,stress,1523,0.04,0.03,0.07,13675.21,0
yolo11tiny_1.3.1,stress,1524,0.02,0.03,0.05,21201.26,0
yolo11tiny_1.3.1,stress,1525,0.02,0.02,0.04,25078.37,0
yolo11tiny_1.3.1,stress,1526,0.02,0.02,0.04,22577.44,0
yolo11tiny_1.3.1,stress,1527,0.02,0.02,0.04,25504.35,0
yolo11tiny_1.3.1,stress,1528,0.02,0.02,0.04,22556.56,0
yolo11tiny_1.3.1,stress,1529,0.02,0.02,0.05,21602.47,0
yolo11tiny_1.3.1,stress,1530,0.08,0.27,0.35,2886.0,0
yolo11tiny_1.3.1,stress,1531,0.02,0.04,0.06,17106.01,0
yolo11tiny_1.3.1,stress,1532,0.02,0.02,0.04,23738.87,0
yolo11tiny_1.3.1,stress,1533,0.02,0.06,0.08,12042.1,0
yolo11tiny_1.3.1,stress,1534,0.02,0.03,0.05,19370.46,0
yolo11tiny_1.3.1,stress,1535,0.02,0.02,0.04,24896.06,0
yolo11tiny_1.3.1,stress,1536,0.02,0.02,0.04,22684.48,0
yolo11tiny_1.3.1,stress,1537,0.02,0.02,0.04,24024.02,0
yolo11tiny_1.3.1,stress,1538,0.02,0.02,0.04,27180.56,0
yolo11tiny_1.3.1,stress,1539,0.02,0.03,0.05,21145.23,0
yolo11tiny_1.3.1,stress,1540,0.02,0.03,0.05,21428.42,0
yolo11tiny_1.3.1,stress,1541,0.02,0.02,0.04,27397.26,0
yolo11tiny_1.3.1,stress,1542,0.02,0.02,0.05,21917.81,0
yolo11tiny_1.3.1,stress,1543,0.02,0.02,0.04,22387.89,0
yolo11tiny_1.3.1,stress,1544,0.02,0.03,0.05,21314.24,0
yolo11tiny_1.3.1,stress,1545,0.02,0.02,0.04,22471.91,0
yolo11tiny_1.3.1,stress,1546,0.02,0.02,0.04,22857.14,0
yolo11tiny_1.3.1,stress,1547,0.02,0.02,0.04,22922.64,0
yolo11tiny_1.3.1,stress,1548,0.02,0.02,0.05,21641.27,0
yolo11tiny_1.3.1,stress,1549,0.02,0.02,0.04,23904.0,0
yolo11tiny_1.3.1,stress,1550,0.02,0.02,0.04,23483.55,0
yolo11tiny_1.3.1,stress,1551,0.02,0.02,0.04,26229.51,0
yolo11tiny_1.3.1,stress,1552,0.02,0.03,0.05,21582.89,0
yolo11tiny_1.3.1,stress,1553,0.02,0.02,0.04,23880.6,0
yolo11tiny_1.3.1,stress,1554,0.02,0.02,0.04,24096.39,0
yolo11tiny_1.3.1,stress,1555,0.02,0.03,0.05,20253.16,0
yolo11tiny_1.3.1,stress,1556,0.02,0.03,0.05,22201.99,0
yolo11tiny_1.3.1,stress,1557,0.02,0.03,0.05,20168.2,0
yolo11tiny_1.3.1,stress,1558,0.05,0.02,0.07,13559.32,0
yolo11tiny_1.3.1,stress,1559,0.02,0.02,0.05,21447.72,0
yolo11tiny_1.3.1,stress,1560,0.02,0.03,0.05,21680.22,0
yolo11tiny_1.3.1,stress,1561,0.02,0.02,0.04,23032.45,0
yolo11tiny_1.3.1,stress,1562,0.02,0.03,0.05,21505.38,0
yolo11tiny_1.3.1,stress,1563,0.02,0.03,0.05,20117.49,0
yolo11tiny_1.3.1,stress,1564,0.02,0.03,0.05,21837.88,0
yolo11tiny_1.3.1,stress,1565,0.02,0.02,0.05,21838.35,0
yolo11tiny_1.3.1,stress,1566,0.02,0.02,0.04,26229.51,0
yolo11tiny_1.3.1,stress,1567,0.39,0.03,0.42,2374.12,0
yolo11tiny_1.3.1,stress,1568,0.02,0.02,0.05,22222.22,0
yolo11tiny_1.3.1,stress,1569,0.02,0.02,0.04,24242.42,0
yolo11tiny_1.3.1,stress,1570,0.02,0.02,0.05,21878.01,0
yolo11tiny_1.3.1,stress,1571,0.02,0.03,0.05,21719.3,0
yolo11tiny_1.3.1,stress,1572,0.02,0.07,0.09,11095.7,0
yolo11tiny_1.3.1,stress,1573,0.02,0.03,0.05,21164.02,0
yolo11tiny_1.3.1,stress,1574,0.03,0.02,0.05,20942.41,0
yolo11tiny_1.3.1,stress,1575,0.02,0.02,0.04,28402.64,0
yolo11tiny_1.3.1,stress,1576,0.02,0.02,0.04,25945.72,0
yolo11tiny_1.3.1,stress,1577,0.02,0.02,0.04,24415.25,0
yolo11tiny_1.3.1,stress,1578,0.02,0.02,0.04,22662.89,0
yolo11tiny_1.3.1,stress,1579,0.02,0.03,0.05,21739.13,0
yolo11tiny_1.3.1,stress,1580,0.02,0.03,0.05,21798.37,0
yolo11tiny_1.3.1,stress,1581,0.02,0.02,0.05,21582.42,0
yolo11tiny_1.3.1,stress,1582,0.02,0.03,0.05,19801.98,0
yolo11tiny_1.3.1,stress,1583,0.02,0.03,0.05,19916.75,0
yolo11tiny_1.3.1,stress,1584,0.02,0.02,0.05,21958.24,0
yolo11tiny_1.3.1,stress,1585,0.02,0.02,0.04,22450.72,0
yolo11tiny_1.3.1,stress,1586,0.02,0.02,0.05,22038.57,0
yolo11tiny_1.3.1,stress,1587,0.02,0.02,0.04,26315.79,0
yolo11tiny_1.3.1,stress,1588,0.03,0.03,0.06,16713.19,0
yolo11tiny_1.3.1,stress,1589,0.02,0.03,0.04,22346.37,0
yolo11tiny_1.3.1,stress,1590,0.02,0.03,0.05,21485.97,0
yolo11tiny_1.3.1,stress,1591,0.02,0.02,0.04,22408.96,0
yolo11tiny_1.3.1,stress,1592,0.02,0.02,0.04,25641.03,0
yolo11tiny_1.3.1,stress,1593,0.02,0.02,0.04,27397.26,0
yolo11tiny_1.3.1,stress,1594,0.02,0.02,0.04,27522.43,0
yolo11tiny_1.3.1,stress,1595,0.02,0.02,0.05,21680.22,0
yolo11tiny_1.3.1,stress,1596,0.02,0.02,0.04,25396.83,0
yolo11tiny_1.3.1,stress,1597,0.02,0.02,0.04,25262.73,0
yolo11tiny_1.3.1,stress,1598,0.02,0.02,0.04,24340.38,0
yolo11tiny_1.3.1,stress,1599,0.02,0.02,0.04,22408.96,0
yolo11tiny_1.3.1,stress,1600,0.02,0.02,0.04,22705.6,0
yolo11tiny_1.3.1,stress,1601,0.02,0.02,0.04,25668.01,0
yolo11tiny_1.3.1,stress,1602,0.02,0.02,0.04,24896.68,0
yolo11tiny_1.3.1,stress,1603,0.02,0.02,0.04,23809.52,0
yolo11tiny_1.3.1,stress,1604,0.02,0.03,0.05,22078.95,0
yolo11tiny_1.3.1,stress,1605,0.02,0.03,0.04,23054.76,0
yolo11tiny_1.3.1,stress,1606,0.02,0.03,0.05,21238.64,0
yolo11tiny_1.3.1,stress,1607,0.02,0.04,0.06,17492.61,0
yolo11tiny_1.3.1,stress,1608,0.02,0.02,0.04,25316.46,0
yolo11tiny_1.3.1,stress,1609,0.02,0.02,0.04,24072.6,0
yolo11tiny_1.3.1,stress,1610,0.02,0.03,0.05,19818.46,0
yolo11tiny_1.3.1,stress,1611,0.02,0.02,0.04,24565.2,0
yolo11tiny_1.3.1,stress,1612,0.02,0.02,0.04,24615.38,0
yolo11tiny_1.3.1,stress,1613,0.02,0.02,0.04,27554.28,0
yolo11tiny_1.3.1,stress,1614,0.02,0.02,0.04,24414.66,0
yolo11tiny_1.3.1,stress,1615,0.02,0.02,0.04,22641.34,0
yolo11tiny_1.3.1,stress,1616,0.02,0.02,0.04,25945.72,0
yolo11tiny_1.3.1,stress,1617,0.02,0.02,0.04,23692.19,0
yolo11tiny_1.3.1,stress,1618,0.02,0.02,0.04,23598.82,0
yolo11tiny_1.3.1,stress,1619,0.02,0.02,0.04,24490.0,0
yolo11tiny_1.3.1,stress,1620,0.02,0.03,0.05,21390.37,0
yolo11tiny_1.3.1,stress,1621,0.02,0.02,0.04,26755.85,0
yolo11tiny_1.3.1,stress,1622,0.02,0.02,0.04,23880.6,0
yolo11tiny_1.3.1,stress,1623,0.02,0.03,0.05,20270.0,0
yolo11tiny_1.3.1,stress,1624,0.02,0.02,0.04,22242.98,0
yolo11tiny_1.3.1,stress,1625,0.02,0.02,0.04,23437.32,0
yolo11tiny_1.3.1,stress,1626,0.02,0.02,0.04,22988.51,0
yolo11tiny_1.3.1,stress,1627,0.02,0.03,0.05,20219.18,0
yolo11tiny_1.3.1,stress,1628,0.07,0.03,0.09,10772.03,0
yolo11tiny_1.3.1,stress,1629,0.02,0.02,0.04,22263.78,0
yolo11tiny_1.3.1,stress,1630,0.02,0.02,0.04,24316.11,0
yolo11tiny_1.3.1,stress,1631,0.02,0.03,0.05,20016.41,0
yolo11tiny_1.3.1,stress,1632,0.02,0.03,0.05,22140.55,0
yolo11tiny_1.3.1,stress,1633,0.02,0.02,0.04,24440.32,0
yolo11tiny_1.3.1,stress,1634,0.02,0.02,0.04,22471.91,0
yolo11tiny_1.3.1,stress,1635,0.02,0.02,0.04,22242.98,0
yolo11tiny_1.3.1,stress,1636,0.02,0.03,0.05,20583.33,0
yolo11tiny_1.3.1,stress,1637,0.02,0.02,0.04,23032.98,0
yolo11tiny_1.3.1,stress,1638,0.02,0.02,0.04,28235.03,0
yolo11tiny_1.3.1,stress,1639,0.03,0.02,0.06,17595.1,0
yolo11tiny_1.3.1,stress,1640,0.02,0.02,0.04,22284.12,0
yolo11tiny_1.3.1,stress,1641,0.02,0.03,0.05,20530.09,0
yolo11tiny_1.3.1,stress,1642,0.02,0.02,0.05,21390.37,0
yolo11tiny_1.3.1,stress,1643,0.02,0.02,0.05,21897.65,0
yolo11tiny_1.3.1,stress,1644,0.02,0.02,0.05,22018.67,0
yolo11tiny_1.3.1,stress,1645,0.02,0.03,0.05,21333.33,0
yolo11tiny_1.3.1,stress,1646,0.02,0.03,0.05,20851.58,0
yolo11tiny_1.3.1,stress,1647,0.02,0.02,0.04,26518.87,0
yolo11tiny_1.3.1,stress,1648,0.02,0.02,0.04,26201.33,0
yolo11tiny_1.3.1,stress,1649,0.01,0.02,0.03,36089.36,0
yolo11tiny_1.3.1,stress,1650,0.02,0.02,0.04,22857.14,0
yolo11tiny_1.3.1,stress,1651,0.02,0.02,0.04,24665.78,0
yolo11tiny_1.3.1,stress,1652,0.02,0.02,0.04,22835.22,0
yolo11tiny_1.3.1,stress,1653,0.02,0.02,0.04,25668.67,0
yolo11tiny_1.3.1,stress,1654,0.02,0.02,0.04,23054.76,0
yolo11tiny_1.3.1,stress,1655,0.02,0.03,0.05,21563.34,0
yolo11tiny_1.3.1,stress,1656,0.02,0.03,0.05,21877.53,0
yolo11tiny_1.3.1,stress,1657,0.02,0.03,0.05,21505.38,0
yolo11tiny_1.3.1,stress,1658,0.02,0.03,0.05,21467.06,0
yolo11tiny_1.3.1,stress,1659,0.02,0.03,0.05,21201.26,0
yolo11tiny_1.3.1,stress,1660,0.02,0.03,0.05,21998.33,0
yolo11tiny_1.3.1,stress,1661,0.02,0.06,0.08,12519.56,0
yolo11tiny_1.3.1,stress,1662,0.02,0.02,0.04,22944.2,0
yolo11tiny_1.3.1,stress,1663,0.02,0.02,0.04,22471.91,0
yolo11tiny_1.3.1,stress,1664,0.02,0.03,0.05,21998.33,0
yolo11tiny_1.3.1,stress,1665,0.02,0.02,0.03,29197.08,0
yolo11tiny_1.3.1,stress,1666,0.02,0.02,0.05,21758.52,0
yolo11tiny_1.3.1,stress,1667,0.02,0.03,0.05,20442.79,0
yolo11tiny_1.3.1,stress,1668,0.02,0.03,0.05,21641.27,0
yolo11tiny_1.3.1,stress,1669,0.02,0.03,0.05,21276.6,0
yolo11tiny_1.3.1,stress,1670,0.02,0.02,0.05,22119.98,0
yolo11tiny_1.3.1,stress,1671,0.02,0.03,0.05,20906.07,0
yolo11tiny_1.3.1,stress,1672,0.02,0.03,0.05,21544.3,0
yolo11tiny_1.3.1,stress,1673,0.02,0.03,0.04,22387.89,0
yolo11tiny_1.3.1,stress,1674,0.02,0.02,0.04,22792.02,0
yolo11tiny_1.3.1,stress,1675,0.02,0.03,0.05,21428.88,0
yolo11tiny_1.3.1,stress,1676,0.02,0.02,0.05,21505.38,0
yolo11tiny_1.3.1,stress,1677,0.02,0.02,0.04,22813.86,0
yolo11tiny_1.3.1,stress,1678,0.02,0.02,0.05,21680.22,0
yolo11tiny_1.3.1,stress,1679,0.02,0.02,0.05,21543.83,0
yolo11tiny_1.3.1,stress,1680,0.02,0.02,0.04,25834.45,0
yolo11tiny_1.3.1,stress,1681,0.02,0.02,0.04,24792.98,0
yolo11tiny_1.3.1,stress,1682,0.02,0.02,0.04,24169.18,0
yolo11tiny_1.3.1,stress,1683,0.02,0.03,0.05,19983.21,0
yolo11tiny_1.3.1,stress,1684,0.02,0.02,0.05,21917.81,0
yolo11tiny_1.3.1,stress,1685,0.02,0.02,0.04,22901.11,0
yolo11tiny_1.3.1,stress,1686,0.03,0.02,0.05,18808.66,0
yolo11tiny_1.3.1,stress,1687,0.02,0.02,0.04,24120.8,0
yolo11tiny_1.3.1,stress,1688,0.02,0.03,0.05,20618.56,0
yolo11tiny_1.3.1,stress,1689,0.02,0.02,0.04,23529.41,0
yolo11tiny_1.3.1,stress,1690,0.02,0.02,0.05,21371.17,0
yolo11tiny_1.3.1,stress,1691,0.02,0.03,0.05,21371.17,0
yolo11tiny_1.3.1,stress,1692,0.02,0.02,0.04,22325.91,0
yolo11tiny_1.3.1,stress,1693,0.02,0.02,0.04,22835.74,0
yolo11tiny_1.3.1,stress,1694,0.02,0.03,0.05,21182.85,0
yolo11tiny_1.3.1,stress,1695,0.02,0.02,0.04,24440.32,0
yolo11tiny_1.3.1,stress,1696,0.02,0.04,0.06,17241.38,0
yolo11tiny_1.3.1,stress,1697,0.02,0.03,0.05,20815.12,0
yolo11tiny_1.3.1,stress,1698,0.02,0.03,0.05,21409.61,0
yolo11tiny_1.3.1,stress,1699,0.02,0.02,0.04,23952.1,0
yolo11tiny_1.3.1,stress,1700,0.02,0.03,0.05,21524.82,0
yolo11tiny_1.3.1,stress,1701,0.02,0.03,0.05,21957.75,0
yolo11tiny_1.3.1,stress,1702,0.02,0.02,0.05,22038.57,0
yolo11tiny_1.3.1,stress,1703,0.02,0.03,0.05,21582.42,0
yolo11tiny_1.3.1,stress,1704,0.02,0.02,0.05,21998.33,0
yolo11tiny_1.3.1,stress,1705,0.02,0.02,0.05,22058.99,0
yolo11tiny_1.3.1,stress,1706,0.02,0.02,0.04,26815.4,0
yolo11tiny_1.3.1,stress,1707,0.02,0.02,0.05,22018.19,0
yolo11tiny_1.3.1,stress,1708,0.02,0.02,0.04,22988.51,0
yolo11tiny_1.3.1,stress,1709,0.02,0.04,0.06,17712.28,0
yolo11tiny_1.3.1,stress,1710,0.02,0.02,0.04,22857.14,0
yolo11tiny_1.3.1,stress,1711,0.02,0.04,0.06,16748.17,0
yolo11tiny_1.3.1,stress,1712,0.02,0.02,0.04,22430.07,0
yolo11tiny_1.3.1,stress,1713,0.02,0.02,0.05,20942.41,0
yolo11tiny_1.3.1,stress,1714,0.02,0.02,0.03,28605.76,0
yolo11tiny_1.3.1,stress,1715,0.02,0.02,0.04,23856.67,0
yolo11tiny_1.3.1,stress,1716,0.02,0.02,0.04,22619.83,0
yolo11tiny_1.3.1,stress,1717,0.02,0.03,0.05,21563.34,0
yolo11tiny_1.3.1,stress,1718,0.02,0.05,0.08,13259.61,0
yolo11tiny_1.3.1,stress,1719,0.02,0.02,0.05,21778.9,0
yolo11tiny_1.3.1,stress,1720,0.02,0.02,0.04,24193.74,0
yolo11tiny_1.3.1,stress,1721,0.02,0.03,0.05,20442.79,0
yolo11tiny_1.3.1,stress,1722,0.02,0.03,0.05,21220.16,0
yolo11tiny_1.3.1,stress,1723,0.02,0.03,0.05,21486.43,0
yolo11tiny_1.3.1,stress,1724,0.04,0.04,0.08,12591.76,0
yolo11tiny_1.3.1,stress,1725,0.02,0.02,0.04,23529.41,0
yolo11tiny_1.3.1,stress,1726,0.02,0.02,0.04,24072.02,0
yolo11tiny_1.3.1,stress,1727,0.02,0.02,0.04,23391.81,0
yolo11tiny_1.3.1,stress,1728,0.02,0.02,0.04,24340.97,0
yolo11tiny_1.3.1,stress,1729,0.02,0.02,0.04,22556.56,0
yolo11tiny_1.3.1,stress,1730,0.02,0.02,0.04,22683.97,0
yolo11tiny_1.3.1,stress,1731,0.02,0.02,0.05,21660.49,0
yolo11tiny_1.3.1,stress,1732,0.02,0.02,0.04,24515.21,0
yolo11tiny_1.3.1,stress,1733,0.02,0.02,0.04,23952.1,0
yolo11tiny_1.3.1,stress,1734,0.02,0.02,0.04,22835.22,0
yolo11tiny_1.3.1,stress,1735,0.02,0.03,0.05,22222.22,0
yolo11tiny_1.3.1,stress,1736,0.02,0.03,0.05,20184.89,0
yolo11tiny_1.3.1,stress,1737,0.02,0.03,0.05,19575.98,0
yolo11tiny_1.3.1,stress,1738,0.02,0.03,0.05,21409.15,0
yolo11tiny_1.3.1,stress,1739,0.02,0.03,0.05,21582.42,0
yolo11tiny_1.3.1,stress,1740,0.02,0.03,0.05,21937.52,0
yolo11tiny_1.3.1,stress,1741,0.02,0.02,0.05,20618.56,0
yolo11tiny_1.3.1,stress,1742,0.02,0.02,0.05,22160.66,0
yolo11tiny_1.3.1,stress,1743,0.02,0.03,0.05,21220.16,0
yolo11tiny_1.3.1,stress,1744,0.02,0.02,0.04,22770.23,0
yolo11tiny_1.3.1,stress,1745,0.03,0.03,0.05,18735.36,0
yolo11tiny_1.3.1,stress,1746,0.02,0.03,0.05,21957.75,0
yolo11tiny_1.3.1,stress,1747,0.02,0.03,0.05,21621.62,0
yolo11tiny_1.3.1,stress,1748,0.02,0.02,0.04,23300.79,0
yolo11tiny_1.3.1,stress,1749,0.02,0.02,0.04,26001.72,0
yolo11tiny_1.3.1,stress,1750,0.02,0.02,0.05,21838.35,0
yolo11tiny_1.3.1,stress,1751,0.02,0.04,0.06,16315.34,0
yolo11tiny_1.3.1,stress,1752,0.02,0.03,0.05,21108.18,0
yolo11tiny_1.3.1,stress,1753,0.02,0.02,0.04,22770.74,0
yolo11tiny_1.3.1,stress,1754,0.02,0.02,0.03,29483.74,0
yolo11tiny_1.3.1,stress,1755,0.02,0.02,0.04,24414.66,0
yolo11tiny_1.3.1,stress,1756,0.02,0.02,0.04,25861.85,0
yolo11tiny_1.3.1,stress,1757,0.02,0.03,0.05,21052.63,0
yolo11tiny_1.3.1,stress,1758,0.02,0.02,0.04,22900.59,0
yolo11tiny_1.3.1,stress,1759,0.02,0.02,0.04,23691.63,0
yolo11tiny_1.3.1,stress,1760,0.02,0.03,0.05,21582.89,0
yolo11tiny_1.3.1,stress,1761,0.02,0.02,0.04,27428.82,0
yolo11tiny_1.3.1,stress,1762,0.02,0.03,0.05,21257.6,0
yolo11tiny_1.3.1,stress,1763,0.03,0.2,0.23,4334.48,0
yolo11tiny_1.3.1,stress,1764,0.02,0.03,0.04,22450.72,0
yolo11tiny_1.3.1,stress,1765,0.02,0.02,0.04,24390.24,0
yolo11tiny_1.3.1,stress,1766,0.02,0.03,0.05,19801.98,0
yolo11tiny_1.3.1,stress,1767,0.02,0.03,0.05,21699.51,0
yolo11tiny_1.3.1,stress,1768,0.02,0.02,0.04,23622.23,0
yolo11tiny_1.3.1,stress,1769,0.02,0.03,0.05,21467.06,0
yolo11tiny_1.3.1,stress,1770,0.02,0.03,0.05,21015.91,0
yolo11tiny_1.3.1,stress,1771,0.02,0.02,0.04,22513.9,0
yolo11tiny_1.3.1,stress,1772,0.02,0.03,0.05,20924.44,0
yolo11tiny_1.3.1,stress,1773,0.02,0.02,0.04,24464.83,0
yolo11tiny_1.3.1,stress,1774,0.02,0.02,0.04,22325.42,0
yolo11tiny_1.3.1,stress,1775,0.02,0.04,0.06,16632.02,0
yolo11tiny_1.3.1,stress,1776,0.02,0.02,0.04,23076.57,0
yolo11tiny_1.3.1,stress,1777,0.02,0.03,0.05,19851.12,0
yolo11tiny_1.3.1,stress,1778,0.02,0.02,0.04,22325.91,0
yolo11tiny_1.3.1,stress,1779,0.1,0.03,0.13,7709.57,0
yolo11tiny_1.3.1,stress,1780,0.02,0.02,0.04,22792.02,0
yolo11tiny_1.3.1,stress,1781,0.02,0.02,0.04,22535.21,0
yolo11tiny_1.3.1,stress,1782,0.02,0.02,0.04,23032.45,0
yolo11tiny_1.3.1,stress,1783,0.02,0.03,0.05,22140.55,0
yolo11tiny_1.3.1,stress,1784,0.02,0.02,0.05,21778.43,0
yolo11tiny_1.3.1,stress,1785,0.03,0.05,0.08,12638.23,0
yolo11tiny_1.3.1,stress,1786,0.02,0.02,0.04,22857.14,0
yolo11tiny_1.3.1,stress,1787,0.02,0.02,0.04,25806.45,0
yolo11tiny_1.3.1,stress,1788,0.02,0.03,0.05,21602.0,0
yolo11tiny_1.3.1,stress,1789,0.02,0.03,0.05,22201.99,0
yolo11tiny_1.3.1,stress,1790,0.02,0.02,0.05,22222.22,0
yolo11tiny_1.3.1,stress,1791,0.03,0.03,0.06,16643.37,0
yolo11tiny_1.3.1,stress,1792,0.02,0.03,0.05,21978.02,0
yolo11tiny_1.3.1,stress,1793,0.02,0.03,0.05,19432.95,0
yolo11tiny_1.3.1,stress,1794,0.02,0.03,0.05,21778.43,0
yolo11tiny_1.3.1,stress,1795,0.02,0.03,0.05,20117.49,0
yolo11tiny_1.3.1,stress,1796,0.02,0.02,0.04,22263.78,0
yolo11tiny_1.3.1,stress,1797,0.02,0.02,0.04,24464.83,0
yolo11tiny_1.3.1,stress,1798,0.02,0.02,0.04,23738.87,0
